id,lastname,firstname,middlename,suffix
1,Downey,Robert,,Jr.
2,Evans,Chris,,
3,Ruffalo,Mark,,
4,Renner,Jeremy,,
5,Hemsworth,Chris,,
6,Johansson,Scarlett,,
7,Hiddleston,Tom,,
8,Downey,Robert,,Jr.
9,Evans,Chris,,
10,Ruffalo,Mark,,
11,Renner,Jeremy,,
12,Hemsworth,Chris,,
13,Johansson,Scarlett,,
14,Hiddleston,Tom,,
15,Downey,Robert,,Jr.
16,Evans,Chris,,
17,Ruffalo,Mark,,
18,Renner,Jeremy,,
19,Hemsworth,Chris,,
20,Johansson,Scarlett,,
21,Hiddleston,Tom,,
22,Downey,Robert,,Jr.
23,Evans,Chris,,
24,Ruffalo,Mark,,
25,Renner,Jeremy,,
26,Hemsworth,Chris,,
27,Johansson,Scarlett,,
28,Hiddleston,Tom,,
29,Downey,Robert,,Jr.
30,Evans,Chris,,
31,Ruffalo,Mark,,
32,Renner,Jeremy,,
33,Hemsworth,Chris,,
34,Johansson,Scarlett,,
35,Hiddleston,Tom,,
36,Downey,Robert,,Jr.
37,Evans,Chris,,
38,Ruffalo,Mark,,
39,Renner,Jeremy,,
40,Hemsworth,Chris,,
41,Johansson,Scarlett,,
42,Hiddleston,Tom,,
43,Downey,Robert,,Jr.
44,Evans,Chris,,
45,Ruffalo,Mark,,
46,Renner,Jeremy,,
47,Hemsworth,Chris,,
48,Johansson,Scarlett,,
49,Hiddleston,Tom,,
50,Downey,Robert,,Jr.
51,Evans,Chris,,
52,Ruffalo,Mark,,
53,Renner,Jeremy,,
54,Hemsworth,Chris,,
55,Johansson,Scarlett,,
56,Hiddleston,Tom,,
57,Downey,Robert,,Jr.
58,Evans,Chris,,
59,Ruffalo,Mark,,
60,Renner,Jeremy,,
61,Hemsworth,Chris,,
62,Johansson,Scarlett,,
63,Hiddleston,Tom,,
64,Downey,Robert,,Jr.
65,Evans,Chris,,
66,Ruffalo,Mark,,
67,Renner,Jeremy,,
68,Hemsworth,Chris,,
69,Johansson,Scarlett,,
70,Hiddleston,Tom,,
71,Downey,Robert,,Jr.
72,Evans,Chris,,
73,Ruffalo,Mark,,
74,Renner,Jeremy,,
75,Hemsworth,Chris,,
76,Johansson,Scarlett,,
77,Hiddleston,Tom,,
78,Downey,Robert,,Jr.
79,Evans,Chris,,
80,Ruffalo,Mark,,
81,Renner,Jeremy,,
82,Hemsworth,Chris,,
83,Johansson,Scarlett,,
84,Hiddleston,Tom,,
85,Downey,Robert,,Jr.
86,Evans,Chris,,
87,Ruffalo,Mark,,
88,Renner,Jeremy,,
89,Hemsworth,Chris,,
90,Johansson,Scarlett,,
91,Hiddleston,Tom,,
92,Downey,Robert,,Jr.
93,Evans,Chris,,
94,Ruffalo,Mark,,
95,Renner,Jeremy,,
96,Hemsworth,Chris,,
97,Johansson,Scarlett,,
98,Hiddleston,Tom,,
99,Downey,Robert,,Jr.
100,Evans,Chris,,
101,Ruffalo,Mark,,
102,Renner,Jeremy,,
103,Hemsworth,Chris,,
104,Johansson,Scarlett,,
105,Hiddleston,Tom,,
106,Downey,Robert,,Jr.
107,Evans,Chris,,
108,Ruffalo,Mark,,
109,Renner,Jeremy,,
110,Hemsworth,Chris,,
111,Johansson,Scarlett,,
112,Hiddleston,Tom,,
113,Downey,Robert,,Jr.
114,Evans,Chris,,
115,Ruffalo,Mark,,
116,Renner,Jeremy,,
117,Hemsworth,Chris,,
118,Johansson,Scarlett,,
119,Hiddleston,Tom,,
120,Downey,Robert,,Jr.
121,Evans,Chris,,
122,Ruffalo,Mark,,
123,Renner,Jeremy,,
124,Hemsworth,Chris,,
125,Johansson,Scarlett,,
126,Hiddleston,Tom,,
127,Downey,Robert,,Jr.
128,Evans,Chris,,
129,Ruffalo,Mark,,
130,Renner,Jeremy,,
131,Hemsworth,Chris,,
132,Johansson,Scarlett,,
133,Hiddleston,Tom,,
134,Downey,Robert,,Jr.
135,Evans,Chris,,
136,Ruffalo,Mark,,
137,Renner,Jeremy,,
138,Hemsworth,Chris,,
139,Johansson,Scarlett,,
140,Hiddleston,Tom,,
141,Downey,Robert,,Jr.
142,Evans,Chris,,
143,Ruffalo,Mark,,
144,Renner,Jeremy,,
145,Hemsworth,Chris,,
146,Johansson,Scarlett,,
147,Hiddleston,Tom,,
148,Downey,Robert,,Jr.
149,Evans,Chris,,
150,Ruffalo,Mark,,
151,Renner,Jeremy,,
152,Hemsworth,Chris,,
153,Johansson,Scarlett,,
154,Hiddleston,Tom,,
155,Downey,Robert,,Jr.
156,Evans,Chris,,
157,Ruffalo,Mark,,
158,Renner,Jeremy,,
159,Hemsworth,Chris,,
160,Johansson,Scarlett,,
161,Hiddleston,Tom,,
162,Downey,Robert,,Jr.
163,Evans,Chris,,
164,Ruffalo,Mark,,
165,Renner,Jeremy,,
166,Hemsworth,Chris,,
167,Johansson,Scarlett,,
168,Hiddleston,Tom,,
169,Downey,Robert,,Jr.
170,Evans,Chris,,
171,Ruffalo,Mark,,
172,Renner,Jeremy,,
173,Hemsworth,Chris,,
174,Johansson,Scarlett,,
175,Hiddleston,Tom,,
176,Downey,Robert,,Jr.
177,Evans,Chris,,
178,Ruffalo,Mark,,
179,Renner,Jeremy,,
180,Hemsworth,Chris,,
181,Johansson,Scarlett,,
182,Hiddleston,Tom,,
183,Downey,Robert,,Jr.
184,Evans,Chris,,
185,Ruffalo,Mark,,
186,Renner,Jeremy,,
187,Hemsworth,Chris,,
188,Johansson,Scarlett,,
189,Hiddleston,Tom,,
190,Downey,Robert,,Jr.
191,Evans,Chris,,
192,Ruffalo,Mark,,
193,Renner,Jeremy,,
194,Hemsworth,Chris,,
195,Johansson,Scarlett,,
196,Hiddleston,Tom,,
197,Downey,Robert,,Jr.
198,Evans,Chris,,
199,Ruffalo,Mark,,
200,Renner,Jeremy,,
201,Hemsworth,Chris,,
202,Johansson,Scarlett,,
203,Hiddleston,Tom,,
204,Downey,Robert,,Jr.
205,Evans,Chris,,
206,Ruffalo,Mark,,
207,Renner,Jeremy,,
208,Hemsworth,Chris,,
209,Johansson,Scarlett,,
210,Hiddleston,Tom,,
211,Downey,Robert,,Jr.
212,Evans,Chris,,
213,Ruffalo,Mark,,
214,Renner,Jeremy,,
215,Hemsworth,Chris,,
216,Johansson,Scarlett,,
217,Hiddleston,Tom,,
218,Downey,Robert,,Jr.
219,Evans,Chris,,
220,Ruffalo,Mark,,
221,Renner,Jeremy,,
222,Hemsworth,Chris,,
223,Johansson,Scarlett,,
224,Hiddleston,Tom,,
225,Downey,Robert,,Jr.
226,Evans,Chris,,
227,Ruffalo,Mark,,
228,Renner,Jeremy,,
229,Hemsworth,Chris,,
230,Johansson,Scarlett,,
231,Hiddleston,Tom,,
232,Downey,Robert,,Jr.
233,Evans,Chris,,
234,Ruffalo,Mark,,
235,Renner,Jeremy,,
236,Hemsworth,Chris,,
237,Johansson,Scarlett,,
238,Hiddleston,Tom,,
239,Downey,Robert,,Jr.
240,Evans,Chris,,
241,Ruffalo,Mark,,
242,Renner,Jeremy,,
243,Hemsworth,Chris,,
244,Johansson,Scarlett,,
245,Hiddleston,Tom,,
246,Downey,Robert,,Jr.
247,Evans,Chris,,
248,Ruffalo,Mark,,
249,Renner,Jeremy,,
250,Hemsworth,Chris,,
251,Johansson,Scarlett,,
252,Hiddleston,Tom,,
253,Downey,Robert,,Jr.
254,Evans,Chris,,
255,Ruffalo,Mark,,
256,Renner,Jeremy,,
257,Hemsworth,Chris,,
258,Johansson,Scarlett,,
259,Hiddleston,Tom,,
260,Downey,Robert,,Jr.
261,Evans,Chris,,
262,Ruffalo,Mark,,
263,Renner,Jeremy,,
264,Hemsworth,Chris,,
265,Johansson,Scarlett,,
266,Hiddleston,Tom,,
267,Downey,Robert,,Jr.
268,Evans,Chris,,
269,Ruffalo,Mark,,
270,Renner,Jeremy,,
271,Hemsworth,Chris,,
272,Johansson,Scarlett,,
273,Hiddleston,Tom,,
274,Downey,Robert,,Jr.
275,Evans,Chris,,
276,Ruffalo,Mark,,
277,Renner,Jeremy,,
278,Hemsworth,Chris,,
279,Johansson,Scarlett,,
280,Hiddleston,Tom,,
281,Downey,Robert,,Jr.
282,Evans,Chris,,
283,Ruffalo,Mark,,
284,Renner,Jeremy,,
285,Hemsworth,Chris,,
286,Johansson,Scarlett,,
287,Hiddleston,Tom,,
288,Downey,Robert,,Jr.
289,Evans,Chris,,
290,Ruffalo,Mark,,
291,Renner,Jeremy,,
292,Hemsworth,Chris,,
293,Johansson,Scarlett,,
294,Hiddleston,Tom,,
295,Downey,Robert,,Jr.
296,Evans,Chris,,
297,Ruffalo,Mark,,
298,Renner,Jeremy,,
299,Hemsworth,Chris,,
300,Johansson,Scarlett,,
301,Hiddleston,Tom,,
302,Downey,Robert,,Jr.
303,Evans,Chris,,
304,Ruffalo,Mark,,
305,Renner,Jeremy,,
306,Hemsworth,Chris,,
307,Johansson,Scarlett,,
308,Hiddleston,Tom,,
309,Downey,Robert,,Jr.
310,Evans,Chris,,
311,Ruffalo,Mark,,
312,Renner,Jeremy,,
313,Hemsworth,Chris,,
314,Johansson,Scarlett,,
315,Hiddleston,Tom,,
316,Downey,Robert,,Jr.
317,Evans,Chris,,
318,Ruffalo,Mark,,
319,Renner,Jeremy,,
320,Hemsworth,Chris,,
321,Johansson,Scarlett,,
322,Hiddleston,Tom,,
323,Downey,Robert,,Jr.
324,Evans,Chris,,
325,Ruffalo,Mark,,
326,Renner,Jeremy,,
327,Hemsworth,Chris,,
328,Johansson,Scarlett,,
329,Hiddleston,Tom,,
330,Downey,Robert,,Jr.
331,Evans,Chris,,
332,Ruffalo,Mark,,
333,Renner,Jeremy,,
334,Hemsworth,Chris,,
335,Johansson,Scarlett,,
336,Hiddleston,Tom,,
337,Downey,Robert,,Jr.
338,Evans,Chris,,
339,Ruffalo,Mark,,
340,Renner,Jeremy,,
341,Hemsworth,Chris,,
342,Johansson,Scarlett,,
343,Hiddleston,Tom,,
344,Downey,Robert,,Jr.
345,Evans,Chris,,
346,Ruffalo,Mark,,
347,Renner,Jeremy,,
348,Hemsworth,Chris,,
349,Johansson,Scarlett,,
350,Hiddleston,Tom,,
351,Downey,Robert,,Jr.
352,Evans,Chris,,
353,Ruffalo,Mark,,
354,Renner,Jeremy,,
355,Hemsworth,Chris,,
356,Johansson,Scarlett,,
357,Hiddleston,Tom,,
358,Downey,Robert,,Jr.
359,Evans,Chris,,
360,Ruffalo,Mark,,
361,Renner,Jeremy,,
362,Hemsworth,Chris,,
363,Johansson,Scarlett,,
364,Hiddleston,Tom,,
365,Downey,Robert,,Jr.
366,Evans,Chris,,
367,Ruffalo,Mark,,
368,Renner,Jeremy,,
369,Hemsworth,Chris,,
370,Johansson,Scarlett,,
371,Hiddleston,Tom,,
372,Downey,Robert,,Jr.
373,Evans,Chris,,
374,Ruffalo,Mark,,
375,Renner,Jeremy,,
376,Hemsworth,Chris,,
377,Johansson,Scarlett,,
378,Hiddleston,Tom,,
379,Downey,Robert,,Jr.
380,Evans,Chris,,
381,Ruffalo,Mark,,
382,Renner,Jeremy,,
383,Hemsworth,Chris,,
384,Johansson,Scarlett,,
385,Hiddleston,Tom,,
386,Downey,Robert,,Jr.
387,Evans,Chris,,
388,Ruffalo,Mark,,
389,Renner,Jeremy,,
390,Hemsworth,Chris,,
391,Johansson,Scarlett,,
392,Hiddleston,Tom,,
393,Downey,Robert,,Jr.
394,Evans,Chris,,
395,Ruffalo,Mark,,
396,Renner,Jeremy,,
397,Hemsworth,Chris,,
398,Johansson,Scarlett,,
399,Hiddleston,Tom,,
400,Downey,Robert,,Jr.
401,Evans,Chris,,
402,Ruffalo,Mark,,
403,Renner,Jeremy,,
404,Hemsworth,Chris,,
405,Johansson,Scarlett,,
406,Hiddleston,Tom,,
407,Downey,Robert,,Jr.
408,Evans,Chris,,
409,Ruffalo,Mark,,
410,Renner,Jeremy,,
411,Hemsworth,Chris,,
412,Johansson,Scarlett,,
413,Hiddleston,Tom,,
414,Downey,Robert,,Jr.
415,Evans,Chris,,
416,Ruffalo,Mark,,
417,Renner,Jeremy,,
418,Hemsworth,Chris,,
419,Johansson,Scarlett,,
420,Hiddleston,Tom,,
421,Downey,Robert,,Jr.
422,Evans,Chris,,
423,Ruffalo,Mark,,
424,Renner,Jeremy,,
425,Hemsworth,Chris,,
426,Johansson,Scarlett,,
427,Hiddleston,Tom,,
428,Downey,Robert,,Jr.
429,Evans,Chris,,
430,Ruffalo,Mark,,
431,Renner,Jeremy,,
432,Hemsworth,Chris,,
433,Johansson,Scarlett,,
434,Hiddleston,Tom,,
435,Downey,Robert,,Jr.
436,Evans,Chris,,
437,Ruffalo,Mark,,
438,Renner,Jeremy,,
439,Hemsworth,Chris,,
440,Johansson,Scarlett,,
441,Hiddleston,Tom,,
442,Downey,Robert,,Jr.
443,Evans,Chris,,
444,Ruffalo,Mark,,
445,Renner,Jeremy,,
446,Hemsworth,Chris,,
447,Johansson,Scarlett,,
448,Hiddleston,Tom,,
449,Downey,Robert,,Jr.
450,Evans,Chris,,
451,Ruffalo,Mark,,
452,Renner,Jeremy,,
453,Hemsworth,Chris,,
454,Johansson,Scarlett,,
455,Hiddleston,Tom,,
456,Downey,Robert,,Jr.
457,Evans,Chris,,
458,Ruffalo,Mark,,
459,Renner,Jeremy,,
460,Hemsworth,Chris,,
461,Johansson,Scarlett,,
462,Hiddleston,Tom,,
463,Downey,Robert,,Jr.
464,Evans,Chris,,
465,Ruffalo,Mark,,
466,Renner,Jeremy,,
467,Hemsworth,Chris,,
468,Johansson,Scarlett,,
469,Hiddleston,Tom,,
470,Downey,Robert,,Jr.
471,Evans,Chris,,
472,Ruffalo,Mark,,
473,Renner,Jeremy,,
474,Hemsworth,Chris,,
475,Johansson,Scarlett,,
476,Hiddleston,Tom,,
477,Downey,Robert,,Jr.
478,Evans,Chris,,
479,Ruffalo,Mark,,
480,Renner,Jeremy,,
481,Hemsworth,Chris,,
482,Johansson,Scarlett,,
483,Hiddleston,Tom,,
484,Downey,Robert,,Jr.
485,Evans,Chris,,
486,Ruffalo,Mark,,
487,Renner,Jeremy,,
488,Hemsworth,Chris,,
489,Johansson,Scarlett,,
490,Hiddleston,Tom,,
491,Downey,Robert,,Jr.
492,Evans,Chris,,
493,Ruffalo,Mark,,
494,Renner,Jeremy,,
495,Hemsworth,Chris,,
496,Johansson,Scarlett,,
497,Hiddleston,Tom,,
498,Downey,Robert,,Jr.
499,Evans,Chris,,
500,Ruffalo,Mark,,
501,Renner,Jeremy,,
502,Hemsworth,Chris,,
503,Johansson,Scarlett,,
504,Hiddleston,Tom,,
505,Downey,Robert,,Jr.
506,Evans,Chris,,
507,Ruffalo,Mark,,
508,Renner,Jeremy,,
509,Hemsworth,Chris,,
510,Johansson,Scarlett,,
511,Hiddleston,Tom,,
512,Downey,Robert,,Jr.
513,Evans,Chris,,
514,Ruffalo,Mark,,
515,Renner,Jeremy,,
516,Hemsworth,Chris,,
517,Johansson,Scarlett,,
518,Hiddleston,Tom,,
519,Downey,Robert,,Jr.
520,Evans,Chris,,
521,Ruffalo,Mark,,
522,Renner,Jeremy,,
523,Hemsworth,Chris,,
524,Johansson,Scarlett,,
525,Hiddleston,Tom,,
526,Downey,Robert,,Jr.
527,Evans,Chris,,
528,Ruffalo,Mark,,
529,Renner,Jeremy,,
530,Hemsworth,Chris,,
531,Johansson,Scarlett,,
532,Hiddleston,Tom,,
533,Downey,Robert,,Jr.
534,Evans,Chris,,
535,Ruffalo,Mark,,
536,Renner,Jeremy,,
537,Hemsworth,Chris,,
538,Johansson,Scarlett,,
539,Hiddleston,Tom,,
540,Downey,Robert,,Jr.
541,Evans,Chris,,
542,Ruffalo,Mark,,
543,Renner,Jeremy,,
544,Hemsworth,Chris,,
545,Johansson,Scarlett,,
546,Hiddleston,Tom,,
547,Downey,Robert,,Jr.
548,Evans,Chris,,
549,Ruffalo,Mark,,
550,Renner,Jeremy,,
551,Hemsworth,Chris,,
552,Johansson,Scarlett,,
553,Hiddleston,Tom,,
554,Downey,Robert,,Jr.
555,Evans,Chris,,
556,Ruffalo,Mark,,
557,Renner,Jeremy,,
558,Hemsworth,Chris,,
559,Johansson,Scarlett,,
560,Hiddleston,Tom,,
561,Downey,Robert,,Jr.
562,Evans,Chris,,
563,Ruffalo,Mark,,
564,Renner,Jeremy,,
565,Hemsworth,Chris,,
566,Johansson,Scarlett,,
567,Hiddleston,Tom,,
568,Downey,Robert,,Jr.
569,Evans,Chris,,
570,Ruffalo,Mark,,
571,Renner,Jeremy,,
572,Hemsworth,Chris,,
573,Johansson,Scarlett,,
574,Hiddleston,Tom,,
575,Downey,Robert,,Jr.
576,Evans,Chris,,
577,Ruffalo,Mark,,
578,Renner,Jeremy,,
579,Hemsworth,Chris,,
580,Johansson,Scarlett,,
581,Hiddleston,Tom,,
582,Downey,Robert,,Jr.
583,Evans,Chris,,
584,Ruffalo,Mark,,
585,Renner,Jeremy,,
586,Hemsworth,Chris,,
587,Johansson,Scarlett,,
588,Hiddleston,Tom,,
589,Downey,Robert,,Jr.
590,Evans,Chris,,
591,Ruffalo,Mark,,
592,Renner,Jeremy,,
593,Hemsworth,Chris,,
594,Johansson,Scarlett,,
595,Hiddleston,Tom,,
596,Downey,Robert,,Jr.
597,Evans,Chris,,
598,Ruffalo,Mark,,
599,Renner,Jeremy,,
600,Hemsworth,Chris,,
601,Johansson,Scarlett,,
602,Hiddleston,Tom,,
603,Downey,Robert,,Jr.
604,Evans,Chris,,
605,Ruffalo,Mark,,
606,Renner,Jeremy,,
607,Hemsworth,Chris,,
608,Johansson,Scarlett,,
609,Hiddleston,Tom,,
610,Downey,Robert,,Jr.
611,Evans,Chris,,
612,Ruffalo,Mark,,
613,Renner,Jeremy,,
614,Hemsworth,Chris,,
615,Johansson,Scarlett,,
616,Hiddleston,Tom,,
617,Downey,Robert,,Jr.
618,Evans,Chris,,
619,Ruffalo,Mark,,
620,Renner,Jeremy,,
621,Hemsworth,Chris,,
622,Johansson,Scarlett,,
623,Hiddleston,Tom,,
624,Downey,Robert,,Jr.
625,Evans,Chris,,
626,Ruffalo,Mark,,
627,Renner,Jeremy,,
628,Hemsworth,Chris,,
629,Johansson,Scarlett,,
630,Hiddleston,Tom,,
631,Downey,Robert,,Jr.
632,Evans,Chris,,
633,Ruffalo,Mark,,
634,Renner,Jeremy,,
635,Hemsworth,Chris,,
636,Johansson,Scarlett,,
637,Hiddleston,Tom,,
638,Downey,Robert,,Jr.
639,Evans,Chris,,
640,Ruffalo,Mark,,
641,Renner,Jeremy,,
642,Hemsworth,Chris,,
643,Johansson,Scarlett,,
644,Hiddleston,Tom,,
645,Downey,Robert,,Jr.
646,Evans,Chris,,
647,Ruffalo,Mark,,
648,Renner,Jeremy,,
649,Hemsworth,Chris,,
650,Johansson,Scarlett,,
651,Hiddleston,Tom,,
652,Downey,Robert,,Jr.
653,Evans,Chris,,
654,Ruffalo,Mark,,
655,Renner,Jeremy,,
656,Hemsworth,Chris,,
657,Johansson,Scarlett,,
658,Hiddleston,Tom,,
659,Downey,Robert,,Jr.
660,Evans,Chris,,
661,Ruffalo,Mark,,
662,Renner,Jeremy,,
663,Hemsworth,Chris,,
664,Johansson,Scarlett,,
665,Hiddleston,Tom,,
666,Downey,Robert,,Jr.
667,Evans,Chris,,
668,Ruffalo,Mark,,
669,Renner,Jeremy,,
670,Hemsworth,Chris,,
671,Johansson,Scarlett,,
672,Hiddleston,Tom,,
673,Downey,Robert,,Jr.
674,Evans,Chris,,
675,Ruffalo,Mark,,
676,Renner,Jeremy,,
677,Hemsworth,Chris,,
678,Johansson,Scarlett,,
679,Hiddleston,Tom,,
680,Downey,Robert,,Jr.
681,Evans,Chris,,
682,Ruffalo,Mark,,
683,Renner,Jeremy,,
684,Hemsworth,Chris,,
685,Johansson,Scarlett,,
686,Hiddleston,Tom,,
687,Downey,Robert,,Jr.
688,Evans,Chris,,
689,Ruffalo,Mark,,
690,Renner,Jeremy,,
691,Hemsworth,Chris,,
692,Johansson,Scarlett,,
693,Hiddleston,Tom,,
694,Downey,Robert,,Jr.
695,Evans,Chris,,
696,Ruffalo,Mark,,
697,Renner,Jeremy,,
698,Hemsworth,Chris,,
699,Johansson,Scarlett,,
700,Hiddleston,Tom,,
701,Downey,Robert,,Jr.
702,Evans,Chris,,
703,Ruffalo,Mark,,
704,Renner,Jeremy,,
705,Hemsworth,Chris,,
706,Johansson,Scarlett,,
707,Hiddleston,Tom,,
708,Downey,Robert,,Jr.
709,Evans,Chris,,
710,Ruffalo,Mark,,
711,Renner,Jeremy,,
712,Hemsworth,Chris,,
713,Johansson,Scarlett,,
714,Hiddleston,Tom,,
715,Downey,Robert,,Jr.
716,Evans,Chris,,
717,Ruffalo,Mark,,
718,Renner,Jeremy,,
719,Hemsworth,Chris,,
720,Johansson,Scarlett,,
721,Hiddleston,Tom,,
722,Downey,Robert,,Jr.
723,Evans,Chris,,
724,Ruffalo,Mark,,
725,Renner,Jeremy,,
726,Hemsworth,Chris,,
727,Johansson,Scarlett,,
728,Hiddleston,Tom,,
729,Downey,Robert,,Jr.
730,Evans,Chris,,
731,Ruffalo,Mark,,
732,Renner,Jeremy,,
733,Hemsworth,Chris,,
734,Johansson,Scarlett,,
735,Hiddleston,Tom,,
736,Downey,Robert,,Jr.
737,Evans,Chris,,
738,Ruffalo,Mark,,
739,Renner,Jeremy,,
740,Hemsworth,Chris,,
741,Johansson,Scarlett,,
742,Hiddleston,Tom,,
743,Downey,Robert,,Jr.
744,Evans,Chris,,
745,Ruffalo,Mark,,
746,Renner,Jeremy,,
747,Hemsworth,Chris,,
748,Johansson,Scarlett,,
749,Hiddleston,Tom,,
750,Downey,Robert,,Jr.
751,Evans,Chris,,
752,Ruffalo,Mark,,
753,Renner,Jeremy,,
754,Hemsworth,Chris,,
755,Johansson,Scarlett,,
756,Hiddleston,Tom,,
757,Downey,Robert,,Jr.
758,Evans,Chris,,
759,Ruffalo,Mark,,
760,Renner,Jeremy,,
761,Hemsworth,Chris,,
762,Johansson,Scarlett,,
763,Hiddleston,Tom,,
764,Downey,Robert,,Jr.
765,Evans,Chris,,
766,Ruffalo,Mark,,
767,Renner,Jeremy,,
768,Hemsworth,Chris,,
769,Johansson,Scarlett,,
770,Hiddleston,Tom,,
771,Downey,Robert,,Jr.
772,Evans,Chris,,
773,Ruffalo,Mark,,
774,Renner,Jeremy,,
775,Hemsworth,Chris,,
776,Johansson,Scarlett,,
777,Hiddleston,Tom,,
778,Downey,Robert,,Jr.
779,Evans,Chris,,
780,Ruffalo,Mark,,
781,Renner,Jeremy,,
782,Hemsworth,Chris,,
783,Johansson,Scarlett,,
784,Hiddleston,Tom,,
785,Downey,Robert,,Jr.
786,Evans,Chris,,
787,Ruffalo,Mark,,
788,Renner,Jeremy,,
789,Hemsworth,Chris,,
790,Johansson,Scarlett,,
791,Hiddleston,Tom,,
792,Downey,Robert,,Jr.
793,Evans,Chris,,
794,Ruffalo,Mark,,
795,Renner,Jeremy,,
796,Hemsworth,Chris,,
797,Johansson,Scarlett,,
798,Hiddleston,Tom,,
799,Downey,Robert,,Jr.
800,Evans,Chris,,
801,Ruffalo,Mark,,
802,Renner,Jeremy,,
803,Hemsworth,Chris,,
804,Johansson,Scarlett,,
805,Hiddleston,Tom,,
806,Downey,Robert,,Jr.
807,Evans,Chris,,
808,Ruffalo,Mark,,
809,Renner,Jeremy,,
810,Hemsworth,Chris,,
811,Johansson,Scarlett,,
812,Hiddleston,Tom,,
813,Downey,Robert,,Jr.
814,Evans,Chris,,
815,Ruffalo,Mark,,
816,Renner,Jeremy,,
817,Hemsworth,Chris,,
818,Johansson,Scarlett,,
819,Hiddleston,Tom,,
820,Downey,Robert,,Jr.
821,Evans,Chris,,
822,Ruffalo,Mark,,
823,Renner,Jeremy,,
824,Hemsworth,Chris,,
825,Johansson,Scarlett,,
826,Hiddleston,Tom,,
827,Downey,Robert,,Jr.
828,Evans,Chris,,
829,Ruffalo,Mark,,
830,Renner,Jeremy,,
831,Hemsworth,Chris,,
832,Johansson,Scarlett,,
833,Hiddleston,Tom,,
834,Downey,Robert,,Jr.
835,Evans,Chris,,
836,Ruffalo,Mark,,
837,Renner,Jeremy,,
838,Hemsworth,Chris,,
839,Johansson,Scarlett,,
840,Hiddleston,Tom,,
841,Downey,Robert,,Jr.
842,Evans,Chris,,
843,Ruffalo,Mark,,
844,Renner,Jeremy,,
845,Hemsworth,Chris,,
846,Johansson,Scarlett,,
847,Hiddleston,Tom,,
848,Downey,Robert,,Jr.
849,Evans,Chris,,
850,Ruffalo,Mark,,
851,Renner,Jeremy,,
852,Hemsworth,Chris,,
853,Johansson,Scarlett,,
854,Hiddleston,Tom,,
855,Downey,Robert,,Jr.
856,Evans,Chris,,
857,Ruffalo,Mark,,
858,Renner,Jeremy,,
859,Hemsworth,Chris,,
860,Johansson,Scarlett,,
861,Hiddleston,Tom,,
862,Downey,Robert,,Jr.
863,Evans,Chris,,
864,Ruffalo,Mark,,
865,Renner,Jeremy,,
866,Hemsworth,Chris,,
867,Johansson,Scarlett,,
868,Hiddleston,Tom,,
869,Downey,Robert,,Jr.
870,Evans,Chris,,
871,Ruffalo,Mark,,
872,Renner,Jeremy,,
873,Hemsworth,Chris,,
874,Johansson,Scarlett,,
875,Hiddleston,Tom,,
876,Downey,Robert,,Jr.
877,Evans,Chris,,
878,Ruffalo,Mark,,
879,Renner,Jeremy,,
880,Hemsworth,Chris,,
881,Johansson,Scarlett,,
882,Hiddleston,Tom,,
883,Downey,Robert,,Jr.
884,Evans,Chris,,
885,Ruffalo,Mark,,
886,Renner,Jeremy,,
887,Hemsworth,Chris,,
888,Johansson,Scarlett,,
889,Hiddleston,Tom,,
890,Downey,Robert,,Jr.
891,Evans,Chris,,
892,Ruffalo,Mark,,
893,Renner,Jeremy,,
894,Hemsworth,Chris,,
895,Johansson,Scarlett,,
896,Hiddleston,Tom,,
897,Downey,Robert,,Jr.
898,Evans,Chris,,
899,Ruffalo,Mark,,
900,Renner,Jeremy,,
901,Hemsworth,Chris,,
902,Johansson,Scarlett,,
903,Hiddleston,Tom,,
904,Downey,Robert,,Jr.
905,Evans,Chris,,
906,Ruffalo,Mark,,
907,Renner,Jeremy,,
908,Hemsworth,Chris,,
909,Johansson,Scarlett,,
910,Hiddleston,Tom,,
911,Downey,Robert,,Jr.
912,Evans,Chris,,
913,Ruffalo,Mark,,
914,Renner,Jeremy,,
915,Hemsworth,Chris,,
916,Johansson,Scarlett,,
917,Hiddleston,Tom,,
918,Downey,Robert,,Jr.
919,Evans,Chris,,
920,Ruffalo,Mark,,
921,Renner,Jeremy,,
922,Hemsworth,Chris,,
923,Johansson,Scarlett,,
924,Hiddleston,Tom,,
925,Downey,Robert,,Jr.
926,Evans,Chris,,
927,Ruffalo,Mark,,
928,Renner,Jeremy,,
929,Hemsworth,Chris,,
930,Johansson,Scarlett,,
931,Hiddleston,Tom,,
932,Downey,Robert,,Jr.
933,Evans,Chris,,
934,Ruffalo,Mark,,
935,Renner,Jeremy,,
936,Hemsworth,Chris,,
937,Johansson,Scarlett,,
938,Hiddleston,Tom,,
939,Downey,Robert,,Jr.
940,Evans,Chris,,
941,Ruffalo,Mark,,
942,Renner,Jeremy,,
943,Hemsworth,Chris,,
944,Johansson,Scarlett,,
945,Hiddleston,Tom,,
946,Downey,Robert,,Jr.
947,Evans,Chris,,
948,Ruffalo,Mark,,
949,Renner,Jeremy,,
950,Hemsworth,Chris,,
951,Johansson,Scarlett,,
952,Hiddleston,Tom,,
953,Downey,Robert,,Jr.
954,Evans,Chris,,
955,Ruffalo,Mark,,
956,Renner,Jeremy,,
957,Hemsworth,Chris,,
958,Johansson,Scarlett,,
959,Hiddleston,Tom,,
960,Downey,Robert,,Jr.
961,Evans,Chris,,
962,Ruffalo,Mark,,
963,Renner,Jeremy,,
964,Hemsworth,Chris,,
965,Johansson,Scarlett,,
966,Hiddleston,Tom,,
967,Downey,Robert,,Jr.
968,Evans,Chris,,
969,Ruffalo,Mark,,
970,Renner,Jeremy,,
971,Hemsworth,Chris,,
972,Johansson,Scarlett,,
973,Hiddleston,Tom,,
974,Downey,Robert,,Jr.
975,Evans,Chris,,
976,Ruffalo,Mark,,
977,Renner,Jeremy,,
978,Hemsworth,Chris,,
979,Johansson,Scarlett,,
980,Hiddleston,Tom,,
981,Downey,Robert,,Jr.
982,Evans,Chris,,
983,Ruffalo,Mark,,
984,Renner,Jeremy,,
985,Hemsworth,Chris,,
986,Johansson,Scarlett,,
987,Hiddleston,Tom,,
988,Downey,Robert,,Jr.
989,Evans,Chris,,
990,Ruffalo,Mark,,
991,Renner,Jeremy,,
992,Hemsworth,Chris,,
993,Johansson,Scarlett,,
994,Hiddleston,Tom,,
995,Downey,Robert,,Jr.
996,Evans,Chris,,
997,Ruffalo,Mark,,
998,Renner,Jeremy,,
999,Hemsworth,Chris,,
1000,Johansson,Scarlett,,
1001,Hiddleston,Tom,,
1002,Downey,Robert,,Jr.
1003,Evans,Chris,,
1004,Ruffalo,Mark,,
1005,Renner,Jeremy,,
1006,Hemsworth,Chris,,
1007,Johansson,Scarlett,,
1008,Hiddleston,Tom,,
1009,Downey,Robert,,Jr.
1010,Evans,Chris,,
1011,Ruffalo,Mark,,
1012,Renner,Jeremy,,
1013,Hemsworth,Chris,,
1014,Johansson,Scarlett,,
1015,Hiddleston,Tom,,
1016,Downey,Robert,,Jr.
1017,Evans,Chris,,
1018,Ruffalo,Mark,,
1019,Renner,Jeremy,,
1020,Hemsworth,Chris,,
1021,Johansson,Scarlett,,
1022,Hiddleston,Tom,,
1023,Downey,Robert,,Jr.
1024,Evans,Chris,,
1025,Ruffalo,Mark,,
1026,Renner,Jeremy,,
1027,Hemsworth,Chris,,
1028,Johansson,Scarlett,,
1029,Hiddleston,Tom,,
1030,Downey,Robert,,Jr.
1031,Evans,Chris,,
1032,Ruffalo,Mark,,
1033,Renner,Jeremy,,
1034,Hemsworth,Chris,,
1035,Johansson,Scarlett,,
1036,Hiddleston,Tom,,
1037,Downey,Robert,,Jr.
1038,Evans,Chris,,
1039,Ruffalo,Mark,,
1040,Renner,Jeremy,,
1041,Hemsworth,Chris,,
1042,Johansson,Scarlett,,
1043,Hiddleston,Tom,,
1044,Downey,Robert,,Jr.
1045,Evans,Chris,,
1046,Ruffalo,Mark,,
1047,Renner,Jeremy,,
1048,Hemsworth,Chris,,
1049,Johansson,Scarlett,,
1050,Hiddleston,Tom,,
1051,Downey,Robert,,Jr.
1052,Evans,Chris,,
1053,Ruffalo,Mark,,
1054,Renner,Jeremy,,
1055,Hemsworth,Chris,,
1056,Johansson,Scarlett,,
1057,Hiddleston,Tom,,
1058,Downey,Robert,,Jr.
1059,Evans,Chris,,
1060,Ruffalo,Mark,,
1061,Renner,Jeremy,,
1062,Hemsworth,Chris,,
1063,Johansson,Scarlett,,
1064,Hiddleston,Tom,,
1065,Downey,Robert,,Jr.
1066,Evans,Chris,,
1067,Ruffalo,Mark,,
1068,Renner,Jeremy,,
1069,Hemsworth,Chris,,
1070,Johansson,Scarlett,,
1071,Hiddleston,Tom,,
1072,Downey,Robert,,Jr.
1073,Evans,Chris,,
1074,Ruffalo,Mark,,
1075,Renner,Jeremy,,
1076,Hemsworth,Chris,,
1077,Johansson,Scarlett,,
1078,Hiddleston,Tom,,
1079,Downey,Robert,,Jr.
1080,Evans,Chris,,
1081,Ruffalo,Mark,,
1082,Renner,Jeremy,,
1083,Hemsworth,Chris,,
1084,Johansson,Scarlett,,
1085,Hiddleston,Tom,,
1086,Downey,Robert,,Jr.
1087,Evans,Chris,,
1088,Ruffalo,Mark,,
1089,Renner,Jeremy,,
1090,Hemsworth,Chris,,
1091,Johansson,Scarlett,,
1092,Hiddleston,Tom,,
1093,Downey,Robert,,Jr.
1094,Evans,Chris,,
1095,Ruffalo,Mark,,
1096,Renner,Jeremy,,
1097,Hemsworth,Chris,,
1098,Johansson,Scarlett,,
1099,Hiddleston,Tom,,
1100,Downey,Robert,,Jr.
1101,Evans,Chris,,
1102,Ruffalo,Mark,,
1103,Renner,Jeremy,,
1104,Hemsworth,Chris,,
1105,Johansson,Scarlett,,
1106,Hiddleston,Tom,,
1107,Downey,Robert,,Jr.
1108,Evans,Chris,,
1109,Ruffalo,Mark,,
1110,Renner,Jeremy,,
1111,Hemsworth,Chris,,
1112,Johansson,Scarlett,,
1113,Hiddleston,Tom,,
1114,Downey,Robert,,Jr.
1115,Evans,Chris,,
1116,Ruffalo,Mark,,
1117,Renner,Jeremy,,
1118,Hemsworth,Chris,,
1119,Johansson,Scarlett,,
1120,Hiddleston,Tom,,
1121,Downey,Robert,,Jr.
1122,Evans,Chris,,
1123,Ruffalo,Mark,,
1124,Renner,Jeremy,,
1125,Hemsworth,Chris,,
1126,Johansson,Scarlett,,
1127,Hiddleston,Tom,,
1128,Downey,Robert,,Jr.
1129,Evans,Chris,,
1130,Ruffalo,Mark,,
1131,Renner,Jeremy,,
1132,Hemsworth,Chris,,
1133,Johansson,Scarlett,,
1134,Hiddleston,Tom,,
1135,Downey,Robert,,Jr.
1136,Evans,Chris,,
1137,Ruffalo,Mark,,
1138,Renner,Jeremy,,
1139,Hemsworth,Chris,,
1140,Johansson,Scarlett,,
1141,Hiddleston,Tom,,
1142,Downey,Robert,,Jr.
1143,Evans,Chris,,
1144,Ruffalo,Mark,,
1145,Renner,Jeremy,,
1146,Hemsworth,Chris,,
1147,Johansson,Scarlett,,
1148,Hiddleston,Tom,,
1149,Downey,Robert,,Jr.
1150,Evans,Chris,,
1151,Ruffalo,Mark,,
1152,Renner,Jeremy,,
1153,Hemsworth,Chris,,
1154,Johansson,Scarlett,,
1155,Hiddleston,Tom,,
1156,Downey,Robert,,Jr.
1157,Evans,Chris,,
1158,Ruffalo,Mark,,
1159,Renner,Jeremy,,
1160,Hemsworth,Chris,,
1161,Johansson,Scarlett,,
1162,Hiddleston,Tom,,
1163,Downey,Robert,,Jr.
1164,Evans,Chris,,
1165,Ruffalo,Mark,,
1166,Renner,Jeremy,,
1167,Hemsworth,Chris,,
1168,Johansson,Scarlett,,
1169,Hiddleston,Tom,,
1170,Downey,Robert,,Jr.
1171,Evans,Chris,,
1172,Ruffalo,Mark,,
1173,Renner,Jeremy,,
1174,Hemsworth,Chris,,
1175,Johansson,Scarlett,,
1176,Hiddleston,Tom,,
1177,Downey,Robert,,Jr.
1178,Evans,Chris,,
1179,Ruffalo,Mark,,
1180,Renner,Jeremy,,
1181,Hemsworth,Chris,,
1182,Johansson,Scarlett,,
1183,Hiddleston,Tom,,
1184,Downey,Robert,,Jr.
1185,Evans,Chris,,
1186,Ruffalo,Mark,,
1187,Renner,Jeremy,,
1188,Hemsworth,Chris,,
1189,Johansson,Scarlett,,
1190,Hiddleston,Tom,,
1191,Downey,Robert,,Jr.
1192,Evans,Chris,,
1193,Ruffalo,Mark,,
1194,Renner,Jeremy,,
1195,Hemsworth,Chris,,
1196,Johansson,Scarlett,,
1197,Hiddleston,Tom,,
1198,Downey,Robert,,Jr.
1199,Evans,Chris,,
1200,Ruffalo,Mark,,
1201,Renner,Jeremy,,
1202,Hemsworth,Chris,,
1203,Johansson,Scarlett,,
1204,Hiddleston,Tom,,
1205,Downey,Robert,,Jr.
1206,Evans,Chris,,
1207,Ruffalo,Mark,,
1208,Renner,Jeremy,,
1209,Hemsworth,Chris,,
1210,Johansson,Scarlett,,
1211,Hiddleston,Tom,,
1212,Downey,Robert,,Jr.
1213,Evans,Chris,,
1214,Ruffalo,Mark,,
1215,Renner,Jeremy,,
1216,Hemsworth,Chris,,
1217,Johansson,Scarlett,,
1218,Hiddleston,Tom,,
1219,Downey,Robert,,Jr.
1220,Evans,Chris,,
1221,Ruffalo,Mark,,
1222,Renner,Jeremy,,
1223,Hemsworth,Chris,,
1224,Johansson,Scarlett,,
1225,Hiddleston,Tom,,
1226,Downey,Robert,,Jr.
1227,Evans,Chris,,
1228,Ruffalo,Mark,,
1229,Renner,Jeremy,,
1230,Hemsworth,Chris,,
1231,Johansson,Scarlett,,
1232,Hiddleston,Tom,,
1233,Downey,Robert,,Jr.
1234,Evans,Chris,,
1235,Ruffalo,Mark,,
1236,Renner,Jeremy,,
1237,Hemsworth,Chris,,
1238,Johansson,Scarlett,,
1239,Hiddleston,Tom,,
1240,Downey,Robert,,Jr.
1241,Evans,Chris,,
1242,Ruffalo,Mark,,
1243,Renner,Jeremy,,
1244,Hemsworth,Chris,,
1245,Johansson,Scarlett,,
1246,Hiddleston,Tom,,
1247,Downey,Robert,,Jr.
1248,Evans,Chris,,
1249,Ruffalo,Mark,,
1250,Renner,Jeremy,,
1251,Hemsworth,Chris,,
1252,Johansson,Scarlett,,
1253,Hiddleston,Tom,,
1254,Downey,Robert,,Jr.
1255,Evans,Chris,,
1256,Ruffalo,Mark,,
1257,Renner,Jeremy,,
1258,Hemsworth,Chris,,
1259,Johansson,Scarlett,,
1260,Hiddleston,Tom,,
1261,Downey,Robert,,Jr.
1262,Evans,Chris,,
1263,Ruffalo,Mark,,
1264,Renner,Jeremy,,
1265,Hemsworth,Chris,,
1266,Johansson,Scarlett,,
1267,Hiddleston,Tom,,
1268,Downey,Robert,,Jr.
1269,Evans,Chris,,
1270,Ruffalo,Mark,,
1271,Renner,Jeremy,,
1272,Hemsworth,Chris,,
1273,Johansson,Scarlett,,
1274,Hiddleston,Tom,,
1275,Downey,Robert,,Jr.
1276,Evans,Chris,,
1277,Ruffalo,Mark,,
1278,Renner,Jeremy,,
1279,Hemsworth,Chris,,
1280,Johansson,Scarlett,,
1281,Hiddleston,Tom,,
1282,Downey,Robert,,Jr.
1283,Evans,Chris,,
1284,Ruffalo,Mark,,
1285,Renner,Jeremy,,
1286,Hemsworth,Chris,,
1287,Johansson,Scarlett,,
1288,Hiddleston,Tom,,
1289,Downey,Robert,,Jr.
1290,Evans,Chris,,
1291,Ruffalo,Mark,,
1292,Renner,Jeremy,,
1293,Hemsworth,Chris,,
1294,Johansson,Scarlett,,
1295,Hiddleston,Tom,,
1296,Downey,Robert,,Jr.
1297,Evans,Chris,,
1298,Ruffalo,Mark,,
1299,Renner,Jeremy,,
1300,Hemsworth,Chris,,
1301,Johansson,Scarlett,,
1302,Hiddleston,Tom,,
1303,Downey,Robert,,Jr.
1304,Evans,Chris,,
1305,Ruffalo,Mark,,
1306,Renner,Jeremy,,
1307,Hemsworth,Chris,,
1308,Johansson,Scarlett,,
1309,Hiddleston,Tom,,
1310,Downey,Robert,,Jr.
1311,Evans,Chris,,
1312,Ruffalo,Mark,,
1313,Renner,Jeremy,,
1314,Hemsworth,Chris,,
1315,Johansson,Scarlett,,
1316,Hiddleston,Tom,,
1317,Downey,Robert,,Jr.
1318,Evans,Chris,,
1319,Ruffalo,Mark,,
1320,Renner,Jeremy,,
1321,Hemsworth,Chris,,
1322,Johansson,Scarlett,,
1323,Hiddleston,Tom,,
1324,Downey,Robert,,Jr.
1325,Evans,Chris,,
1326,Ruffalo,Mark,,
1327,Renner,Jeremy,,
1328,Hemsworth,Chris,,
1329,Johansson,Scarlett,,
1330,Hiddleston,Tom,,
1331,Downey,Robert,,Jr.
1332,Evans,Chris,,
1333,Ruffalo,Mark,,
1334,Renner,Jeremy,,
1335,Hemsworth,Chris,,
1336,Johansson,Scarlett,,
1337,Hiddleston,Tom,,
1338,Downey,Robert,,Jr.
1339,Evans,Chris,,
1340,Ruffalo,Mark,,
1341,Renner,Jeremy,,
1342,Hemsworth,Chris,,
1343,Johansson,Scarlett,,
1344,Hiddleston,Tom,,
1345,Downey,Robert,,Jr.
1346,Evans,Chris,,
1347,Ruffalo,Mark,,
1348,Renner,Jeremy,,
1349,Hemsworth,Chris,,
1350,Johansson,Scarlett,,
1351,Hiddleston,Tom,,
1352,Downey,Robert,,Jr.
1353,Evans,Chris,,
1354,Ruffalo,Mark,,
1355,Renner,Jeremy,,
1356,Hemsworth,Chris,,
1357,Johansson,Scarlett,,
1358,Hiddleston,Tom,,
1359,Downey,Robert,,Jr.
1360,Evans,Chris,,
1361,Ruffalo,Mark,,
1362,Renner,Jeremy,,
1363,Hemsworth,Chris,,
1364,Johansson,Scarlett,,
1365,Hiddleston,Tom,,
1366,Downey,Robert,,Jr.
1367,Evans,Chris,,
1368,Ruffalo,Mark,,
1369,Renner,Jeremy,,
1370,Hemsworth,Chris,,
1371,Johansson,Scarlett,,
1372,Hiddleston,Tom,,
1373,Downey,Robert,,Jr.
1374,Evans,Chris,,
1375,Ruffalo,Mark,,
1376,Renner,Jeremy,,
1377,Hemsworth,Chris,,
1378,Johansson,Scarlett,,
1379,Hiddleston,Tom,,
1380,Downey,Robert,,Jr.
1381,Evans,Chris,,
1382,Ruffalo,Mark,,
1383,Renner,Jeremy,,
1384,Hemsworth,Chris,,
1385,Johansson,Scarlett,,
1386,Hiddleston,Tom,,
1387,Downey,Robert,,Jr.
1388,Evans,Chris,,
1389,Ruffalo,Mark,,
1390,Renner,Jeremy,,
1391,Hemsworth,Chris,,
1392,Johansson,Scarlett,,
1393,Hiddleston,Tom,,
1394,Downey,Robert,,Jr.
1395,Evans,Chris,,
1396,Ruffalo,Mark,,
1397,Renner,Jeremy,,
1398,Hemsworth,Chris,,
1399,Johansson,Scarlett,,
1400,Hiddleston,Tom,,
1401,Downey,Robert,,Jr.
1402,Evans,Chris,,
1403,Ruffalo,Mark,,
1404,Renner,Jeremy,,
1405,Hemsworth,Chris,,
1406,Johansson,Scarlett,,
1407,Hiddleston,Tom,,
1408,Downey,Robert,,Jr.
1409,Evans,Chris,,
1410,Ruffalo,Mark,,
1411,Renner,Jeremy,,
1412,Hemsworth,Chris,,
1413,Johansson,Scarlett,,
1414,Hiddleston,Tom,,
1415,Downey,Robert,,Jr.
1416,Evans,Chris,,
1417,Ruffalo,Mark,,
1418,Renner,Jeremy,,
1419,Hemsworth,Chris,,
1420,Johansson,Scarlett,,
1421,Hiddleston,Tom,,
1422,Downey,Robert,,Jr.
1423,Evans,Chris,,
1424,Ruffalo,Mark,,
1425,Renner,Jeremy,,
1426,Hemsworth,Chris,,
1427,Johansson,Scarlett,,
1428,Hiddleston,Tom,,
1429,Downey,Robert,,Jr.
1430,Evans,Chris,,
1431,Ruffalo,Mark,,
1432,Renner,Jeremy,,
1433,Hemsworth,Chris,,
1434,Johansson,Scarlett,,
1435,Hiddleston,Tom,,
1436,Downey,Robert,,Jr.
1437,Evans,Chris,,
1438,Ruffalo,Mark,,
1439,Renner,Jeremy,,
1440,Hemsworth,Chris,,
1441,Johansson,Scarlett,,
1442,Hiddleston,Tom,,
1443,Downey,Robert,,Jr.
1444,Evans,Chris,,
1445,Ruffalo,Mark,,
1446,Renner,Jeremy,,
1447,Hemsworth,Chris,,
1448,Johansson,Scarlett,,
1449,Hiddleston,Tom,,
1450,Downey,Robert,,Jr.
1451,Evans,Chris,,
1452,Ruffalo,Mark,,
1453,Renner,Jeremy,,
1454,Hemsworth,Chris,,
1455,Johansson,Scarlett,,
1456,Hiddleston,Tom,,
1457,Downey,Robert,,Jr.
1458,Evans,Chris,,
1459,Ruffalo,Mark,,
1460,Renner,Jeremy,,
1461,Hemsworth,Chris,,
1462,Johansson,Scarlett,,
1463,Hiddleston,Tom,,
1464,Downey,Robert,,Jr.
1465,Evans,Chris,,
1466,Ruffalo,Mark,,
1467,Renner,Jeremy,,
1468,Hemsworth,Chris,,
1469,Johansson,Scarlett,,
1470,Hiddleston,Tom,,
1471,Downey,Robert,,Jr.
1472,Evans,Chris,,
1473,Ruffalo,Mark,,
1474,Renner,Jeremy,,
1475,Hemsworth,Chris,,
1476,Johansson,Scarlett,,
1477,Hiddleston,Tom,,
1478,Downey,Robert,,Jr.
1479,Evans,Chris,,
1480,Ruffalo,Mark,,
1481,Renner,Jeremy,,
1482,Hemsworth,Chris,,
1483,Johansson,Scarlett,,
1484,Hiddleston,Tom,,
1485,Downey,Robert,,Jr.
1486,Evans,Chris,,
1487,Ruffalo,Mark,,
1488,Renner,Jeremy,,
1489,Hemsworth,Chris,,
1490,Johansson,Scarlett,,
1491,Hiddleston,Tom,,
1492,Downey,Robert,,Jr.
1493,Evans,Chris,,
1494,Ruffalo,Mark,,
1495,Renner,Jeremy,,
1496,Hemsworth,Chris,,
1497,Johansson,Scarlett,,
1498,Hiddleston,Tom,,
1499,Downey,Robert,,Jr.
1500,Evans,Chris,,
1501,Ruffalo,Mark,,
1502,Renner,Jeremy,,
1503,Hemsworth,Chris,,
1504,Johansson,Scarlett,,
1505,Hiddleston,Tom,,
1506,Downey,Robert,,Jr.
1507,Evans,Chris,,
1508,Ruffalo,Mark,,
1509,Renner,Jeremy,,
1510,Hemsworth,Chris,,
1511,Johansson,Scarlett,,
1512,Hiddleston,Tom,,
1513,Downey,Robert,,Jr.
1514,Evans,Chris,,
1515,Ruffalo,Mark,,
1516,Renner,Jeremy,,
1517,Hemsworth,Chris,,
1518,Johansson,Scarlett,,
1519,Hiddleston,Tom,,
1520,Downey,Robert,,Jr.
1521,Evans,Chris,,
1522,Ruffalo,Mark,,
1523,Renner,Jeremy,,
1524,Hemsworth,Chris,,
1525,Johansson,Scarlett,,
1526,Hiddleston,Tom,,
1527,Downey,Robert,,Jr.
1528,Evans,Chris,,
1529,Ruffalo,Mark,,
1530,Renner,Jeremy,,
1531,Hemsworth,Chris,,
1532,Johansson,Scarlett,,
1533,Hiddleston,Tom,,
1534,Downey,Robert,,Jr.
1535,Evans,Chris,,
1536,Ruffalo,Mark,,
1537,Renner,Jeremy,,
1538,Hemsworth,Chris,,
1539,Johansson,Scarlett,,
1540,Hiddleston,Tom,,
1541,Downey,Robert,,Jr.
1542,Evans,Chris,,
1543,Ruffalo,Mark,,
1544,Renner,Jeremy,,
1545,Hemsworth,Chris,,
1546,Johansson,Scarlett,,
1547,Hiddleston,Tom,,
1548,Downey,Robert,,Jr.
1549,Evans,Chris,,
1550,Ruffalo,Mark,,
1551,Renner,Jeremy,,
1552,Hemsworth,Chris,,
1553,Johansson,Scarlett,,
1554,Hiddleston,Tom,,
1555,Downey,Robert,,Jr.
1556,Evans,Chris,,
1557,Ruffalo,Mark,,
1558,Renner,Jeremy,,
1559,Hemsworth,Chris,,
1560,Johansson,Scarlett,,
1561,Hiddleston,Tom,,
1562,Downey,Robert,,Jr.
1563,Evans,Chris,,
1564,Ruffalo,Mark,,
1565,Renner,Jeremy,,
1566,Hemsworth,Chris,,
1567,Johansson,Scarlett,,
1568,Hiddleston,Tom,,
1569,Downey,Robert,,Jr.
1570,Evans,Chris,,
1571,Ruffalo,Mark,,
1572,Renner,Jeremy,,
1573,Hemsworth,Chris,,
1574,Johansson,Scarlett,,
1575,Hiddleston,Tom,,
1576,Downey,Robert,,Jr.
1577,Evans,Chris,,
1578,Ruffalo,Mark,,
1579,Renner,Jeremy,,
1580,Hemsworth,Chris,,
1581,Johansson,Scarlett,,
1582,Hiddleston,Tom,,
1583,Downey,Robert,,Jr.
1584,Evans,Chris,,
1585,Ruffalo,Mark,,
1586,Renner,Jeremy,,
1587,Hemsworth,Chris,,
1588,Johansson,Scarlett,,
1589,Hiddleston,Tom,,
1590,Downey,Robert,,Jr.
1591,Evans,Chris,,
1592,Ruffalo,Mark,,
1593,Renner,Jeremy,,
1594,Hemsworth,Chris,,
1595,Johansson,Scarlett,,
1596,Hiddleston,Tom,,
1597,Downey,Robert,,Jr.
1598,Evans,Chris,,
1599,Ruffalo,Mark,,
1600,Renner,Jeremy,,
1601,Hemsworth,Chris,,
1602,Johansson,Scarlett,,
1603,Hiddleston,Tom,,
1604,Downey,Robert,,Jr.
1605,Evans,Chris,,
1606,Ruffalo,Mark,,
1607,Renner,Jeremy,,
1608,Hemsworth,Chris,,
1609,Johansson,Scarlett,,
1610,Hiddleston,Tom,,
1611,Downey,Robert,,Jr.
1612,Evans,Chris,,
1613,Ruffalo,Mark,,
1614,Renner,Jeremy,,
1615,Hemsworth,Chris,,
1616,Johansson,Scarlett,,
1617,Hiddleston,Tom,,
1618,Downey,Robert,,Jr.
1619,Evans,Chris,,
1620,Ruffalo,Mark,,
1621,Renner,Jeremy,,
1622,Hemsworth,Chris,,
1623,Johansson,Scarlett,,
1624,Hiddleston,Tom,,
1625,Downey,Robert,,Jr.
1626,Evans,Chris,,
1627,Ruffalo,Mark,,
1628,Renner,Jeremy,,
1629,Hemsworth,Chris,,
1630,Johansson,Scarlett,,
1631,Hiddleston,Tom,,
1632,Downey,Robert,,Jr.
1633,Evans,Chris,,
1634,Ruffalo,Mark,,
1635,Renner,Jeremy,,
1636,Hemsworth,Chris,,
1637,Johansson,Scarlett,,
1638,Hiddleston,Tom,,
1639,Downey,Robert,,Jr.
1640,Evans,Chris,,
1641,Ruffalo,Mark,,
1642,Renner,Jeremy,,
1643,Hemsworth,Chris,,
1644,Johansson,Scarlett,,
1645,Hiddleston,Tom,,
1646,Downey,Robert,,Jr.
1647,Evans,Chris,,
1648,Ruffalo,Mark,,
1649,Renner,Jeremy,,
1650,Hemsworth,Chris,,
1651,Johansson,Scarlett,,
1652,Hiddleston,Tom,,
1653,Downey,Robert,,Jr.
1654,Evans,Chris,,
1655,Ruffalo,Mark,,
1656,Renner,Jeremy,,
1657,Hemsworth,Chris,,
1658,Johansson,Scarlett,,
1659,Hiddleston,Tom,,
1660,Downey,Robert,,Jr.
1661,Evans,Chris,,
1662,Ruffalo,Mark,,
1663,Renner,Jeremy,,
1664,Hemsworth,Chris,,
1665,Johansson,Scarlett,,
1666,Hiddleston,Tom,,
1667,Downey,Robert,,Jr.
1668,Evans,Chris,,
1669,Ruffalo,Mark,,
1670,Renner,Jeremy,,
1671,Hemsworth,Chris,,
1672,Johansson,Scarlett,,
1673,Hiddleston,Tom,,
1674,Downey,Robert,,Jr.
1675,Evans,Chris,,
1676,Ruffalo,Mark,,
1677,Renner,Jeremy,,
1678,Hemsworth,Chris,,
1679,Johansson,Scarlett,,
1680,Hiddleston,Tom,,
1681,Downey,Robert,,Jr.
1682,Evans,Chris,,
1683,Ruffalo,Mark,,
1684,Renner,Jeremy,,
1685,Hemsworth,Chris,,
1686,Johansson,Scarlett,,
1687,Hiddleston,Tom,,
1688,Downey,Robert,,Jr.
1689,Evans,Chris,,
1690,Ruffalo,Mark,,
1691,Renner,Jeremy,,
1692,Hemsworth,Chris,,
1693,Johansson,Scarlett,,
1694,Hiddleston,Tom,,
1695,Downey,Robert,,Jr.
1696,Evans,Chris,,
1697,Ruffalo,Mark,,
1698,Renner,Jeremy,,
1699,Hemsworth,Chris,,
1700,Johansson,Scarlett,,
1701,Hiddleston,Tom,,
1702,Downey,Robert,,Jr.
1703,Evans,Chris,,
1704,Ruffalo,Mark,,
1705,Renner,Jeremy,,
1706,Hemsworth,Chris,,
1707,Johansson,Scarlett,,
1708,Hiddleston,Tom,,
1709,Downey,Robert,,Jr.
1710,Evans,Chris,,
1711,Ruffalo,Mark,,
1712,Renner,Jeremy,,
1713,Hemsworth,Chris,,
1714,Johansson,Scarlett,,
1715,Hiddleston,Tom,,
1716,Downey,Robert,,Jr.
1717,Evans,Chris,,
1718,Ruffalo,Mark,,
1719,Renner,Jeremy,,
1720,Hemsworth,Chris,,
1721,Johansson,Scarlett,,
1722,Hiddleston,Tom,,
1723,Downey,Robert,,Jr.
1724,Evans,Chris,,
1725,Ruffalo,Mark,,
1726,Renner,Jeremy,,
1727,Hemsworth,Chris,,
1728,Johansson,Scarlett,,
1729,Hiddleston,Tom,,
1730,Downey,Robert,,Jr.
1731,Evans,Chris,,
1732,Ruffalo,Mark,,
1733,Renner,Jeremy,,
1734,Hemsworth,Chris,,
1735,Johansson,Scarlett,,
1736,Hiddleston,Tom,,
1737,Downey,Robert,,Jr.
1738,Evans,Chris,,
1739,Ruffalo,Mark,,
1740,Renner,Jeremy,,
1741,Hemsworth,Chris,,
1742,Johansson,Scarlett,,
1743,Hiddleston,Tom,,
1744,Downey,Robert,,Jr.
1745,Evans,Chris,,
1746,Ruffalo,Mark,,
1747,Renner,Jeremy,,
1748,Hemsworth,Chris,,
1749,Johansson,Scarlett,,
1750,Hiddleston,Tom,,
1751,Downey,Robert,,Jr.
1752,Evans,Chris,,
1753,Ruffalo,Mark,,
1754,Renner,Jeremy,,
1755,Hemsworth,Chris,,
1756,Johansson,Scarlett,,
1757,Hiddleston,Tom,,
1758,Downey,Robert,,Jr.
1759,Evans,Chris,,
1760,Ruffalo,Mark,,
1761,Renner,Jeremy,,
1762,Hemsworth,Chris,,
1763,Johansson,Scarlett,,
1764,Hiddleston,Tom,,
1765,Downey,Robert,,Jr.
1766,Evans,Chris,,
1767,Ruffalo,Mark,,
1768,Renner,Jeremy,,
1769,Hemsworth,Chris,,
1770,Johansson,Scarlett,,
1771,Hiddleston,Tom,,
1772,Downey,Robert,,Jr.
1773,Evans,Chris,,
1774,Ruffalo,Mark,,
1775,Renner,Jeremy,,
1776,Hemsworth,Chris,,
1777,Johansson,Scarlett,,
1778,Hiddleston,Tom,,
1779,Downey,Robert,,Jr.
1780,Evans,Chris,,
1781,Ruffalo,Mark,,
1782,Renner,Jeremy,,
1783,Hemsworth,Chris,,
1784,Johansson,Scarlett,,
1785,Hiddleston,Tom,,
1786,Downey,Robert,,Jr.
1787,Evans,Chris,,
1788,Ruffalo,Mark,,
1789,Renner,Jeremy,,
1790,Hemsworth,Chris,,
1791,Johansson,Scarlett,,
1792,Hiddleston,Tom,,
1793,Downey,Robert,,Jr.
1794,Evans,Chris,,
1795,Ruffalo,Mark,,
1796,Renner,Jeremy,,
1797,Hemsworth,Chris,,
1798,Johansson,Scarlett,,
1799,Hiddleston,Tom,,
1800,Downey,Robert,,Jr.
1801,Evans,Chris,,
1802,Ruffalo,Mark,,
1803,Renner,Jeremy,,
1804,Hemsworth,Chris,,
1805,Johansson,Scarlett,,
1806,Hiddleston,Tom,,
1807,Downey,Robert,,Jr.
1808,Evans,Chris,,
1809,Ruffalo,Mark,,
1810,Renner,Jeremy,,
1811,Hemsworth,Chris,,
1812,Johansson,Scarlett,,
1813,Hiddleston,Tom,,
1814,Downey,Robert,,Jr.
1815,Evans,Chris,,
1816,Ruffalo,Mark,,
1817,Renner,Jeremy,,
1818,Hemsworth,Chris,,
1819,Johansson,Scarlett,,
1820,Hiddleston,Tom,,
1821,Downey,Robert,,Jr.
1822,Evans,Chris,,
1823,Ruffalo,Mark,,
1824,Renner,Jeremy,,
1825,Hemsworth,Chris,,
1826,Johansson,Scarlett,,
1827,Hiddleston,Tom,,
1828,Downey,Robert,,Jr.
1829,Evans,Chris,,
1830,Ruffalo,Mark,,
1831,Renner,Jeremy,,
1832,Hemsworth,Chris,,
1833,Johansson,Scarlett,,
1834,Hiddleston,Tom,,
1835,Downey,Robert,,Jr.
1836,Evans,Chris,,
1837,Ruffalo,Mark,,
1838,Renner,Jeremy,,
1839,Hemsworth,Chris,,
1840,Johansson,Scarlett,,
1841,Hiddleston,Tom,,
1842,Downey,Robert,,Jr.
1843,Evans,Chris,,
1844,Ruffalo,Mark,,
1845,Renner,Jeremy,,
1846,Hemsworth,Chris,,
1847,Johansson,Scarlett,,
1848,Hiddleston,Tom,,
1849,Downey,Robert,,Jr.
1850,Evans,Chris,,
1851,Ruffalo,Mark,,
1852,Renner,Jeremy,,
1853,Hemsworth,Chris,,
1854,Johansson,Scarlett,,
1855,Hiddleston,Tom,,
1856,Downey,Robert,,Jr.
1857,Evans,Chris,,
1858,Ruffalo,Mark,,
1859,Renner,Jeremy,,
1860,Hemsworth,Chris,,
1861,Johansson,Scarlett,,
1862,Hiddleston,Tom,,
1863,Downey,Robert,,Jr.
1864,Evans,Chris,,
1865,Ruffalo,Mark,,
1866,Renner,Jeremy,,
1867,Hemsworth,Chris,,
1868,Johansson,Scarlett,,
1869,Hiddleston,Tom,,
1870,Downey,Robert,,Jr.
1871,Evans,Chris,,
1872,Ruffalo,Mark,,
1873,Renner,Jeremy,,
1874,Hemsworth,Chris,,
1875,Johansson,Scarlett,,
1876,Hiddleston,Tom,,
1877,Downey,Robert,,Jr.
1878,Evans,Chris,,
1879,Ruffalo,Mark,,
1880,Renner,Jeremy,,
1881,Hemsworth,Chris,,
1882,Johansson,Scarlett,,
1883,Hiddleston,Tom,,
1884,Downey,Robert,,Jr.
1885,Evans,Chris,,
1886,Ruffalo,Mark,,
1887,Renner,Jeremy,,
1888,Hemsworth,Chris,,
1889,Johansson,Scarlett,,
1890,Hiddleston,Tom,,
1891,Downey,Robert,,Jr.
1892,Evans,Chris,,
1893,Ruffalo,Mark,,
1894,Renner,Jeremy,,
1895,Hemsworth,Chris,,
1896,Johansson,Scarlett,,
1897,Hiddleston,Tom,,
1898,Downey,Robert,,Jr.
1899,Evans,Chris,,
1900,Ruffalo,Mark,,
1901,Renner,Jeremy,,
1902,Hemsworth,Chris,,
1903,Johansson,Scarlett,,
1904,Hiddleston,Tom,,
1905,Downey,Robert,,Jr.
1906,Evans,Chris,,
1907,Ruffalo,Mark,,
1908,Renner,Jeremy,,
1909,Hemsworth,Chris,,
1910,Johansson,Scarlett,,
1911,Hiddleston,Tom,,
1912,Downey,Robert,,Jr.
1913,Evans,Chris,,
1914,Ruffalo,Mark,,
1915,Renner,Jeremy,,
1916,Hemsworth,Chris,,
1917,Johansson,Scarlett,,
1918,Hiddleston,Tom,,
1919,Downey,Robert,,Jr.
1920,Evans,Chris,,
1921,Ruffalo,Mark,,
1922,Renner,Jeremy,,
1923,Hemsworth,Chris,,
1924,Johansson,Scarlett,,
1925,Hiddleston,Tom,,
1926,Downey,Robert,,Jr.
1927,Evans,Chris,,
1928,Ruffalo,Mark,,
1929,Renner,Jeremy,,
1930,Hemsworth,Chris,,
1931,Johansson,Scarlett,,
1932,Hiddleston,Tom,,
1933,Downey,Robert,,Jr.
1934,Evans,Chris,,
1935,Ruffalo,Mark,,
1936,Renner,Jeremy,,
1937,Hemsworth,Chris,,
1938,Johansson,Scarlett,,
1939,Hiddleston,Tom,,
1940,Downey,Robert,,Jr.
1941,Evans,Chris,,
1942,Ruffalo,Mark,,
1943,Renner,Jeremy,,
1944,Hemsworth,Chris,,
1945,Johansson,Scarlett,,
1946,Hiddleston,Tom,,
1947,Downey,Robert,,Jr.
1948,Evans,Chris,,
1949,Ruffalo,Mark,,
1950,Renner,Jeremy,,
1951,Hemsworth,Chris,,
1952,Johansson,Scarlett,,
1953,Hiddleston,Tom,,
1954,Downey,Robert,,Jr.
1955,Evans,Chris,,
1956,Ruffalo,Mark,,
1957,Renner,Jeremy,,
1958,Hemsworth,Chris,,
1959,Johansson,Scarlett,,
1960,Hiddleston,Tom,,
1961,Downey,Robert,,Jr.
1962,Evans,Chris,,
1963,Ruffalo,Mark,,
1964,Renner,Jeremy,,
1965,Hemsworth,Chris,,
1966,Johansson,Scarlett,,
1967,Hiddleston,Tom,,
1968,Downey,Robert,,Jr.
1969,Evans,Chris,,
1970,Ruffalo,Mark,,
1971,Renner,Jeremy,,
1972,Hemsworth,Chris,,
1973,Johansson,Scarlett,,
1974,Hiddleston,Tom,,
1975,Downey,Robert,,Jr.
1976,Evans,Chris,,
1977,Ruffalo,Mark,,
1978,Renner,Jeremy,,
1979,Hemsworth,Chris,,
1980,Johansson,Scarlett,,
1981,Hiddleston,Tom,,
1982,Downey,Robert,,Jr.
1983,Evans,Chris,,
1984,Ruffalo,Mark,,
1985,Renner,Jeremy,,
1986,Hemsworth,Chris,,
1987,Johansson,Scarlett,,
1988,Hiddleston,Tom,,
1989,Downey,Robert,,Jr.
1990,Evans,Chris,,
1991,Ruffalo,Mark,,
1992,Renner,Jeremy,,
1993,Hemsworth,Chris,,
1994,Johansson,Scarlett,,
1995,Hiddleston,Tom,,
1996,Downey,Robert,,Jr.
1997,Evans,Chris,,
1998,Ruffalo,Mark,,
1999,Renner,Jeremy,,
2000,Hemsworth,Chris,,
2001,Johansson,Scarlett,,
2002,Hiddleston,Tom,,
2003,Downey,Robert,,Jr.
2004,Evans,Chris,,
2005,Ruffalo,Mark,,
2006,Renner,Jeremy,,
2007,Hemsworth,Chris,,
2008,Johansson,Scarlett,,
2009,Hiddleston,Tom,,
2010,Downey,Robert,,Jr.
2011,Evans,Chris,,
2012,Ruffalo,Mark,,
2013,Renner,Jeremy,,
2014,Hemsworth,Chris,,
2015,Johansson,Scarlett,,
2016,Hiddleston,Tom,,
2017,Downey,Robert,,Jr.
2018,Evans,Chris,,
2019,Ruffalo,Mark,,
2020,Renner,Jeremy,,
2021,Hemsworth,Chris,,
2022,Johansson,Scarlett,,
2023,Hiddleston,Tom,,
2024,Downey,Robert,,Jr.
2025,Evans,Chris,,
2026,Ruffalo,Mark,,
2027,Renner,Jeremy,,
2028,Hemsworth,Chris,,
2029,Johansson,Scarlett,,
2030,Hiddleston,Tom,,
2031,Downey,Robert,,Jr.
2032,Evans,Chris,,
2033,Ruffalo,Mark,,
2034,Renner,Jeremy,,
2035,Hemsworth,Chris,,
2036,Johansson,Scarlett,,
2037,Hiddleston,Tom,,
2038,Downey,Robert,,Jr.
2039,Evans,Chris,,
2040,Ruffalo,Mark,,
2041,Renner,Jeremy,,
2042,Hemsworth,Chris,,
2043,Johansson,Scarlett,,
2044,Hiddleston,Tom,,
2045,Downey,Robert,,Jr.
2046,Evans,Chris,,
2047,Ruffalo,Mark,,
2048,Renner,Jeremy,,
2049,Hemsworth,Chris,,
2050,Johansson,Scarlett,,
2051,Hiddleston,Tom,,
2052,Downey,Robert,,Jr.
2053,Evans,Chris,,
2054,Ruffalo,Mark,,
2055,Renner,Jeremy,,
2056,Hemsworth,Chris,,
2057,Johansson,Scarlett,,
2058,Hiddleston,Tom,,
2059,Downey,Robert,,Jr.
2060,Evans,Chris,,
2061,Ruffalo,Mark,,
2062,Renner,Jeremy,,
2063,Hemsworth,Chris,,
2064,Johansson,Scarlett,,
2065,Hiddleston,Tom,,
2066,Downey,Robert,,Jr.
2067,Evans,Chris,,
2068,Ruffalo,Mark,,
2069,Renner,Jeremy,,
2070,Hemsworth,Chris,,
2071,Johansson,Scarlett,,
2072,Hiddleston,Tom,,
2073,Downey,Robert,,Jr.
2074,Evans,Chris,,
2075,Ruffalo,Mark,,
2076,Renner,Jeremy,,
2077,Hemsworth,Chris,,
2078,Johansson,Scarlett,,
2079,Hiddleston,Tom,,
2080,Downey,Robert,,Jr.
2081,Evans,Chris,,
2082,Ruffalo,Mark,,
2083,Renner,Jeremy,,
2084,Hemsworth,Chris,,
2085,Johansson,Scarlett,,
2086,Hiddleston,Tom,,
2087,Downey,Robert,,Jr.
2088,Evans,Chris,,
2089,Ruffalo,Mark,,
2090,Renner,Jeremy,,
2091,Hemsworth,Chris,,
2092,Johansson,Scarlett,,
2093,Hiddleston,Tom,,
2094,Downey,Robert,,Jr.
2095,Evans,Chris,,
2096,Ruffalo,Mark,,
2097,Renner,Jeremy,,
2098,Hemsworth,Chris,,
2099,Johansson,Scarlett,,
2100,Hiddleston,Tom,,
2101,Downey,Robert,,Jr.
2102,Evans,Chris,,
2103,Ruffalo,Mark,,
2104,Renner,Jeremy,,
2105,Hemsworth,Chris,,
2106,Johansson,Scarlett,,
2107,Hiddleston,Tom,,
2108,Downey,Robert,,Jr.
2109,Evans,Chris,,
2110,Ruffalo,Mark,,
2111,Renner,Jeremy,,
2112,Hemsworth,Chris,,
2113,Johansson,Scarlett,,
2114,Hiddleston,Tom,,
2115,Downey,Robert,,Jr.
2116,Evans,Chris,,
2117,Ruffalo,Mark,,
2118,Renner,Jeremy,,
2119,Hemsworth,Chris,,
2120,Johansson,Scarlett,,
2121,Hiddleston,Tom,,
2122,Downey,Robert,,Jr.
2123,Evans,Chris,,
2124,Ruffalo,Mark,,
2125,Renner,Jeremy,,
2126,Hemsworth,Chris,,
2127,Johansson,Scarlett,,
2128,Hiddleston,Tom,,
2129,Downey,Robert,,Jr.
2130,Evans,Chris,,
2131,Ruffalo,Mark,,
2132,Renner,Jeremy,,
2133,Hemsworth,Chris,,
2134,Johansson,Scarlett,,
2135,Hiddleston,Tom,,
2136,Downey,Robert,,Jr.
2137,Evans,Chris,,
2138,Ruffalo,Mark,,
2139,Renner,Jeremy,,
2140,Hemsworth,Chris,,
2141,Johansson,Scarlett,,
2142,Hiddleston,Tom,,
2143,Downey,Robert,,Jr.
2144,Evans,Chris,,
2145,Ruffalo,Mark,,
2146,Renner,Jeremy,,
2147,Hemsworth,Chris,,
2148,Johansson,Scarlett,,
2149,Hiddleston,Tom,,
2150,Downey,Robert,,Jr.
2151,Evans,Chris,,
2152,Ruffalo,Mark,,
2153,Renner,Jeremy,,
2154,Hemsworth,Chris,,
2155,Johansson,Scarlett,,
2156,Hiddleston,Tom,,
2157,Downey,Robert,,Jr.
2158,Evans,Chris,,
2159,Ruffalo,Mark,,
2160,Renner,Jeremy,,
2161,Hemsworth,Chris,,
2162,Johansson,Scarlett,,
2163,Hiddleston,Tom,,
2164,Downey,Robert,,Jr.
2165,Evans,Chris,,
2166,Ruffalo,Mark,,
2167,Renner,Jeremy,,
2168,Hemsworth,Chris,,
2169,Johansson,Scarlett,,
2170,Hiddleston,Tom,,
2171,Downey,Robert,,Jr.
2172,Evans,Chris,,
2173,Ruffalo,Mark,,
2174,Renner,Jeremy,,
2175,Hemsworth,Chris,,
2176,Johansson,Scarlett,,
2177,Hiddleston,Tom,,
2178,Downey,Robert,,Jr.
2179,Evans,Chris,,
2180,Ruffalo,Mark,,
2181,Renner,Jeremy,,
2182,Hemsworth,Chris,,
2183,Johansson,Scarlett,,
2184,Hiddleston,Tom,,
2185,Downey,Robert,,Jr.
2186,Evans,Chris,,
2187,Ruffalo,Mark,,
2188,Renner,Jeremy,,
2189,Hemsworth,Chris,,
2190,Johansson,Scarlett,,
2191,Hiddleston,Tom,,
2192,Downey,Robert,,Jr.
2193,Evans,Chris,,
2194,Ruffalo,Mark,,
2195,Renner,Jeremy,,
2196,Hemsworth,Chris,,
2197,Johansson,Scarlett,,
2198,Hiddleston,Tom,,
2199,Downey,Robert,,Jr.
2200,Evans,Chris,,
2201,Ruffalo,Mark,,
2202,Renner,Jeremy,,
2203,Hemsworth,Chris,,
2204,Johansson,Scarlett,,
2205,Hiddleston,Tom,,
2206,Downey,Robert,,Jr.
2207,Evans,Chris,,
2208,Ruffalo,Mark,,
2209,Renner,Jeremy,,
2210,Hemsworth,Chris,,
2211,Johansson,Scarlett,,
2212,Hiddleston,Tom,,
2213,Downey,Robert,,Jr.
2214,Evans,Chris,,
2215,Ruffalo,Mark,,
2216,Renner,Jeremy,,
2217,Hemsworth,Chris,,
2218,Johansson,Scarlett,,
2219,Hiddleston,Tom,,
2220,Downey,Robert,,Jr.
2221,Evans,Chris,,
2222,Ruffalo,Mark,,
2223,Renner,Jeremy,,
2224,Hemsworth,Chris,,
2225,Johansson,Scarlett,,
2226,Hiddleston,Tom,,
2227,Downey,Robert,,Jr.
2228,Evans,Chris,,
2229,Ruffalo,Mark,,
2230,Renner,Jeremy,,
2231,Hemsworth,Chris,,
2232,Johansson,Scarlett,,
2233,Hiddleston,Tom,,
2234,Downey,Robert,,Jr.
2235,Evans,Chris,,
2236,Ruffalo,Mark,,
2237,Renner,Jeremy,,
2238,Hemsworth,Chris,,
2239,Johansson,Scarlett,,
2240,Hiddleston,Tom,,
2241,Downey,Robert,,Jr.
2242,Evans,Chris,,
2243,Ruffalo,Mark,,
2244,Renner,Jeremy,,
2245,Hemsworth,Chris,,
2246,Johansson,Scarlett,,
2247,Hiddleston,Tom,,
2248,Downey,Robert,,Jr.
2249,Evans,Chris,,
2250,Ruffalo,Mark,,
2251,Renner,Jeremy,,
2252,Hemsworth,Chris,,
2253,Johansson,Scarlett,,
2254,Hiddleston,Tom,,
2255,Downey,Robert,,Jr.
2256,Evans,Chris,,
2257,Ruffalo,Mark,,
2258,Renner,Jeremy,,
2259,Hemsworth,Chris,,
2260,Johansson,Scarlett,,
2261,Hiddleston,Tom,,
2262,Downey,Robert,,Jr.
2263,Evans,Chris,,
2264,Ruffalo,Mark,,
2265,Renner,Jeremy,,
2266,Hemsworth,Chris,,
2267,Johansson,Scarlett,,
2268,Hiddleston,Tom,,
2269,Downey,Robert,,Jr.
2270,Evans,Chris,,
2271,Ruffalo,Mark,,
2272,Renner,Jeremy,,
2273,Hemsworth,Chris,,
2274,Johansson,Scarlett,,
2275,Hiddleston,Tom,,
2276,Downey,Robert,,Jr.
2277,Evans,Chris,,
2278,Ruffalo,Mark,,
2279,Renner,Jeremy,,
2280,Hemsworth,Chris,,
2281,Johansson,Scarlett,,
2282,Hiddleston,Tom,,
2283,Downey,Robert,,Jr.
2284,Evans,Chris,,
2285,Ruffalo,Mark,,
2286,Renner,Jeremy,,
2287,Hemsworth,Chris,,
2288,Johansson,Scarlett,,
2289,Hiddleston,Tom,,
2290,Downey,Robert,,Jr.
2291,Evans,Chris,,
2292,Ruffalo,Mark,,
2293,Renner,Jeremy,,
2294,Hemsworth,Chris,,
2295,Johansson,Scarlett,,
2296,Hiddleston,Tom,,
2297,Downey,Robert,,Jr.
2298,Evans,Chris,,
2299,Ruffalo,Mark,,
2300,Renner,Jeremy,,
2301,Hemsworth,Chris,,
2302,Johansson,Scarlett,,
2303,Hiddleston,Tom,,
2304,Downey,Robert,,Jr.
2305,Evans,Chris,,
2306,Ruffalo,Mark,,
2307,Renner,Jeremy,,
2308,Hemsworth,Chris,,
2309,Johansson,Scarlett,,
2310,Hiddleston,Tom,,
2311,Downey,Robert,,Jr.
2312,Evans,Chris,,
2313,Ruffalo,Mark,,
2314,Renner,Jeremy,,
2315,Hemsworth,Chris,,
2316,Johansson,Scarlett,,
2317,Hiddleston,Tom,,
2318,Downey,Robert,,Jr.
2319,Evans,Chris,,
2320,Ruffalo,Mark,,
2321,Renner,Jeremy,,
2322,Hemsworth,Chris,,
2323,Johansson,Scarlett,,
2324,Hiddleston,Tom,,
2325,Downey,Robert,,Jr.
2326,Evans,Chris,,
2327,Ruffalo,Mark,,
2328,Renner,Jeremy,,
2329,Hemsworth,Chris,,
2330,Johansson,Scarlett,,
2331,Hiddleston,Tom,,
2332,Downey,Robert,,Jr.
2333,Evans,Chris,,
2334,Ruffalo,Mark,,
2335,Renner,Jeremy,,
2336,Hemsworth,Chris,,
2337,Johansson,Scarlett,,
2338,Hiddleston,Tom,,
2339,Downey,Robert,,Jr.
2340,Evans,Chris,,
2341,Ruffalo,Mark,,
2342,Renner,Jeremy,,
2343,Hemsworth,Chris,,
2344,Johansson,Scarlett,,
2345,Hiddleston,Tom,,
2346,Downey,Robert,,Jr.
2347,Evans,Chris,,
2348,Ruffalo,Mark,,
2349,Renner,Jeremy,,
2350,Hemsworth,Chris,,
2351,Johansson,Scarlett,,
2352,Hiddleston,Tom,,
2353,Downey,Robert,,Jr.
2354,Evans,Chris,,
2355,Ruffalo,Mark,,
2356,Renner,Jeremy,,
2357,Hemsworth,Chris,,
2358,Johansson,Scarlett,,
2359,Hiddleston,Tom,,
2360,Downey,Robert,,Jr.
2361,Evans,Chris,,
2362,Ruffalo,Mark,,
2363,Renner,Jeremy,,
2364,Hemsworth,Chris,,
2365,Johansson,Scarlett,,
2366,Hiddleston,Tom,,
2367,Downey,Robert,,Jr.
2368,Evans,Chris,,
2369,Ruffalo,Mark,,
2370,Renner,Jeremy,,
2371,Hemsworth,Chris,,
2372,Johansson,Scarlett,,
2373,Hiddleston,Tom,,
2374,Downey,Robert,,Jr.
2375,Evans,Chris,,
2376,Ruffalo,Mark,,
2377,Renner,Jeremy,,
2378,Hemsworth,Chris,,
2379,Johansson,Scarlett,,
2380,Hiddleston,Tom,,
2381,Downey,Robert,,Jr.
2382,Evans,Chris,,
2383,Ruffalo,Mark,,
2384,Renner,Jeremy,,
2385,Hemsworth,Chris,,
2386,Johansson,Scarlett,,
2387,Hiddleston,Tom,,
2388,Downey,Robert,,Jr.
2389,Evans,Chris,,
2390,Ruffalo,Mark,,
2391,Renner,Jeremy,,
2392,Hemsworth,Chris,,
2393,Johansson,Scarlett,,
2394,Hiddleston,Tom,,
2395,Downey,Robert,,Jr.
2396,Evans,Chris,,
2397,Ruffalo,Mark,,
2398,Renner,Jeremy,,
2399,Hemsworth,Chris,,
2400,Johansson,Scarlett,,
2401,Hiddleston,Tom,,
2402,Downey,Robert,,Jr.
2403,Evans,Chris,,
2404,Ruffalo,Mark,,
2405,Renner,Jeremy,,
2406,Hemsworth,Chris,,
2407,Johansson,Scarlett,,
2408,Hiddleston,Tom,,
2409,Downey,Robert,,Jr.
2410,Evans,Chris,,
2411,Ruffalo,Mark,,
2412,Renner,Jeremy,,
2413,Hemsworth,Chris,,
2414,Johansson,Scarlett,,
2415,Hiddleston,Tom,,
2416,Downey,Robert,,Jr.
2417,Evans,Chris,,
2418,Ruffalo,Mark,,
2419,Renner,Jeremy,,
2420,Hemsworth,Chris,,
2421,Johansson,Scarlett,,
2422,Hiddleston,Tom,,
2423,Downey,Robert,,Jr.
2424,Evans,Chris,,
2425,Ruffalo,Mark,,
2426,Renner,Jeremy,,
2427,Hemsworth,Chris,,
2428,Johansson,Scarlett,,
2429,Hiddleston,Tom,,
2430,Downey,Robert,,Jr.
2431,Evans,Chris,,
2432,Ruffalo,Mark,,
2433,Renner,Jeremy,,
2434,Hemsworth,Chris,,
2435,Johansson,Scarlett,,
2436,Hiddleston,Tom,,
2437,Downey,Robert,,Jr.
2438,Evans,Chris,,
2439,Ruffalo,Mark,,
2440,Renner,Jeremy,,
2441,Hemsworth,Chris,,
2442,Johansson,Scarlett,,
2443,Hiddleston,Tom,,
2444,Downey,Robert,,Jr.
2445,Evans,Chris,,
2446,Ruffalo,Mark,,
2447,Renner,Jeremy,,
2448,Hemsworth,Chris,,
2449,Johansson,Scarlett,,
2450,Hiddleston,Tom,,
2451,Downey,Robert,,Jr.
2452,Evans,Chris,,
2453,Ruffalo,Mark,,
2454,Renner,Jeremy,,
2455,Hemsworth,Chris,,
2456,Johansson,Scarlett,,
2457,Hiddleston,Tom,,
2458,Downey,Robert,,Jr.
2459,Evans,Chris,,
2460,Ruffalo,Mark,,
2461,Renner,Jeremy,,
2462,Hemsworth,Chris,,
2463,Johansson,Scarlett,,
2464,Hiddleston,Tom,,
2465,Downey,Robert,,Jr.
2466,Evans,Chris,,
2467,Ruffalo,Mark,,
2468,Renner,Jeremy,,
2469,Hemsworth,Chris,,
2470,Johansson,Scarlett,,
2471,Hiddleston,Tom,,
2472,Downey,Robert,,Jr.
2473,Evans,Chris,,
2474,Ruffalo,Mark,,
2475,Renner,Jeremy,,
2476,Hemsworth,Chris,,
2477,Johansson,Scarlett,,
2478,Hiddleston,Tom,,
2479,Downey,Robert,,Jr.
2480,Evans,Chris,,
2481,Ruffalo,Mark,,
2482,Renner,Jeremy,,
2483,Hemsworth,Chris,,
2484,Johansson,Scarlett,,
2485,Hiddleston,Tom,,
2486,Downey,Robert,,Jr.
2487,Evans,Chris,,
2488,Ruffalo,Mark,,
2489,Renner,Jeremy,,
2490,Hemsworth,Chris,,
2491,Johansson,Scarlett,,
2492,Hiddleston,Tom,,
2493,Downey,Robert,,Jr.
2494,Evans,Chris,,
2495,Ruffalo,Mark,,
2496,Renner,Jeremy,,
2497,Hemsworth,Chris,,
2498,Johansson,Scarlett,,
2499,Hiddleston,Tom,,
2500,Downey,Robert,,Jr.
2501,Evans,Chris,,
2502,Ruffalo,Mark,,
2503,Renner,Jeremy,,
2504,Hemsworth,Chris,,
2505,Johansson,Scarlett,,
2506,Hiddleston,Tom,,
2507,Downey,Robert,,Jr.
2508,Evans,Chris,,
2509,Ruffalo,Mark,,
2510,Renner,Jeremy,,
2511,Hemsworth,Chris,,
2512,Johansson,Scarlett,,
2513,Hiddleston,Tom,,
2514,Downey,Robert,,Jr.
2515,Evans,Chris,,
2516,Ruffalo,Mark,,
2517,Renner,Jeremy,,
2518,Hemsworth,Chris,,
2519,Johansson,Scarlett,,
2520,Hiddleston,Tom,,
2521,Downey,Robert,,Jr.
2522,Evans,Chris,,
2523,Ruffalo,Mark,,
2524,Renner,Jeremy,,
2525,Hemsworth,Chris,,
2526,Johansson,Scarlett,,
2527,Hiddleston,Tom,,
2528,Downey,Robert,,Jr.
2529,Evans,Chris,,
2530,Ruffalo,Mark,,
2531,Renner,Jeremy,,
2532,Hemsworth,Chris,,
2533,Johansson,Scarlett,,
2534,Hiddleston,Tom,,
2535,Downey,Robert,,Jr.
2536,Evans,Chris,,
2537,Ruffalo,Mark,,
2538,Renner,Jeremy,,
2539,Hemsworth,Chris,,
2540,Johansson,Scarlett,,
2541,Hiddleston,Tom,,
2542,Downey,Robert,,Jr.
2543,Evans,Chris,,
2544,Ruffalo,Mark,,
2545,Renner,Jeremy,,
2546,Hemsworth,Chris,,
2547,Johansson,Scarlett,,
2548,Hiddleston,Tom,,
2549,Downey,Robert,,Jr.
2550,Evans,Chris,,
2551,Ruffalo,Mark,,
2552,Renner,Jeremy,,
2553,Hemsworth,Chris,,
2554,Johansson,Scarlett,,
2555,Hiddleston,Tom,,
2556,Downey,Robert,,Jr.
2557,Evans,Chris,,
2558,Ruffalo,Mark,,
2559,Renner,Jeremy,,
2560,Hemsworth,Chris,,
2561,Johansson,Scarlett,,
2562,Hiddleston,Tom,,
2563,Downey,Robert,,Jr.
2564,Evans,Chris,,
2565,Ruffalo,Mark,,
2566,Renner,Jeremy,,
2567,Hemsworth,Chris,,
2568,Johansson,Scarlett,,
2569,Hiddleston,Tom,,
2570,Downey,Robert,,Jr.
2571,Evans,Chris,,
2572,Ruffalo,Mark,,
2573,Renner,Jeremy,,
2574,Hemsworth,Chris,,
2575,Johansson,Scarlett,,
2576,Hiddleston,Tom,,
2577,Downey,Robert,,Jr.
2578,Evans,Chris,,
2579,Ruffalo,Mark,,
2580,Renner,Jeremy,,
2581,Hemsworth,Chris,,
2582,Johansson,Scarlett,,
2583,Hiddleston,Tom,,
2584,Downey,Robert,,Jr.
2585,Evans,Chris,,
2586,Ruffalo,Mark,,
2587,Renner,Jeremy,,
2588,Hemsworth,Chris,,
2589,Johansson,Scarlett,,
2590,Hiddleston,Tom,,
2591,Downey,Robert,,Jr.
2592,Evans,Chris,,
2593,Ruffalo,Mark,,
2594,Renner,Jeremy,,
2595,Hemsworth,Chris,,
2596,Johansson,Scarlett,,
2597,Hiddleston,Tom,,
2598,Downey,Robert,,Jr.
2599,Evans,Chris,,
2600,Ruffalo,Mark,,
2601,Renner,Jeremy,,
2602,Hemsworth,Chris,,
2603,Johansson,Scarlett,,
2604,Hiddleston,Tom,,
2605,Downey,Robert,,Jr.
2606,Evans,Chris,,
2607,Ruffalo,Mark,,
2608,Renner,Jeremy,,
2609,Hemsworth,Chris,,
2610,Johansson,Scarlett,,
2611,Hiddleston,Tom,,
2612,Downey,Robert,,Jr.
2613,Evans,Chris,,
2614,Ruffalo,Mark,,
2615,Renner,Jeremy,,
2616,Hemsworth,Chris,,
2617,Johansson,Scarlett,,
2618,Hiddleston,Tom,,
2619,Downey,Robert,,Jr.
2620,Evans,Chris,,
2621,Ruffalo,Mark,,
2622,Renner,Jeremy,,
2623,Hemsworth,Chris,,
2624,Johansson,Scarlett,,
2625,Hiddleston,Tom,,
2626,Downey,Robert,,Jr.
2627,Evans,Chris,,
2628,Ruffalo,Mark,,
2629,Renner,Jeremy,,
2630,Hemsworth,Chris,,
2631,Johansson,Scarlett,,
2632,Hiddleston,Tom,,
2633,Downey,Robert,,Jr.
2634,Evans,Chris,,
2635,Ruffalo,Mark,,
2636,Renner,Jeremy,,
2637,Hemsworth,Chris,,
2638,Johansson,Scarlett,,
2639,Hiddleston,Tom,,
2640,Downey,Robert,,Jr.
2641,Evans,Chris,,
2642,Ruffalo,Mark,,
2643,Renner,Jeremy,,
2644,Hemsworth,Chris,,
2645,Johansson,Scarlett,,
2646,Hiddleston,Tom,,
2647,Downey,Robert,,Jr.
2648,Evans,Chris,,
2649,Ruffalo,Mark,,
2650,Renner,Jeremy,,
2651,Hemsworth,Chris,,
2652,Johansson,Scarlett,,
2653,Hiddleston,Tom,,
2654,Downey,Robert,,Jr.
2655,Evans,Chris,,
2656,Ruffalo,Mark,,
2657,Renner,Jeremy,,
2658,Hemsworth,Chris,,
2659,Johansson,Scarlett,,
2660,Hiddleston,Tom,,
2661,Downey,Robert,,Jr.
2662,Evans,Chris,,
2663,Ruffalo,Mark,,
2664,Renner,Jeremy,,
2665,Hemsworth,Chris,,
2666,Johansson,Scarlett,,
2667,Hiddleston,Tom,,
2668,Downey,Robert,,Jr.
2669,Evans,Chris,,
2670,Ruffalo,Mark,,
2671,Renner,Jeremy,,
2672,Hemsworth,Chris,,
2673,Johansson,Scarlett,,
2674,Hiddleston,Tom,,
2675,Downey,Robert,,Jr.
2676,Evans,Chris,,
2677,Ruffalo,Mark,,
2678,Renner,Jeremy,,
2679,Hemsworth,Chris,,
2680,Johansson,Scarlett,,
2681,Hiddleston,Tom,,
2682,Downey,Robert,,Jr.
2683,Evans,Chris,,
2684,Ruffalo,Mark,,
2685,Renner,Jeremy,,
2686,Hemsworth,Chris,,
2687,Johansson,Scarlett,,
2688,Hiddleston,Tom,,
2689,Downey,Robert,,Jr.
2690,Evans,Chris,,
2691,Ruffalo,Mark,,
2692,Renner,Jeremy,,
2693,Hemsworth,Chris,,
2694,Johansson,Scarlett,,
2695,Hiddleston,Tom,,
2696,Downey,Robert,,Jr.
2697,Evans,Chris,,
2698,Ruffalo,Mark,,
2699,Renner,Jeremy,,
2700,Hemsworth,Chris,,
2701,Johansson,Scarlett,,
2702,Hiddleston,Tom,,
2703,Downey,Robert,,Jr.
2704,Evans,Chris,,
2705,Ruffalo,Mark,,
2706,Renner,Jeremy,,
2707,Hemsworth,Chris,,
2708,Johansson,Scarlett,,
2709,Hiddleston,Tom,,
2710,Downey,Robert,,Jr.
2711,Evans,Chris,,
2712,Ruffalo,Mark,,
2713,Renner,Jeremy,,
2714,Hemsworth,Chris,,
2715,Johansson,Scarlett,,
2716,Hiddleston,Tom,,
2717,Downey,Robert,,Jr.
2718,Evans,Chris,,
2719,Ruffalo,Mark,,
2720,Renner,Jeremy,,
2721,Hemsworth,Chris,,
2722,Johansson,Scarlett,,
2723,Hiddleston,Tom,,
2724,Downey,Robert,,Jr.
2725,Evans,Chris,,
2726,Ruffalo,Mark,,
2727,Renner,Jeremy,,
2728,Hemsworth,Chris,,
2729,Johansson,Scarlett,,
2730,Hiddleston,Tom,,
2731,Downey,Robert,,Jr.
2732,Evans,Chris,,
2733,Ruffalo,Mark,,
2734,Renner,Jeremy,,
2735,Hemsworth,Chris,,
2736,Johansson,Scarlett,,
2737,Hiddleston,Tom,,
2738,Downey,Robert,,Jr.
2739,Evans,Chris,,
2740,Ruffalo,Mark,,
2741,Renner,Jeremy,,
2742,Hemsworth,Chris,,
2743,Johansson,Scarlett,,
2744,Hiddleston,Tom,,
2745,Downey,Robert,,Jr.
2746,Evans,Chris,,
2747,Ruffalo,Mark,,
2748,Renner,Jeremy,,
2749,Hemsworth,Chris,,
2750,Johansson,Scarlett,,
2751,Hiddleston,Tom,,
2752,Downey,Robert,,Jr.
2753,Evans,Chris,,
2754,Ruffalo,Mark,,
2755,Renner,Jeremy,,
2756,Hemsworth,Chris,,
2757,Johansson,Scarlett,,
2758,Hiddleston,Tom,,
2759,Downey,Robert,,Jr.
2760,Evans,Chris,,
2761,Ruffalo,Mark,,
2762,Renner,Jeremy,,
2763,Hemsworth,Chris,,
2764,Johansson,Scarlett,,
2765,Hiddleston,Tom,,
2766,Downey,Robert,,Jr.
2767,Evans,Chris,,
2768,Ruffalo,Mark,,
2769,Renner,Jeremy,,
2770,Hemsworth,Chris,,
2771,Johansson,Scarlett,,
2772,Hiddleston,Tom,,
2773,Downey,Robert,,Jr.
2774,Evans,Chris,,
2775,Ruffalo,Mark,,
2776,Renner,Jeremy,,
2777,Hemsworth,Chris,,
2778,Johansson,Scarlett,,
2779,Hiddleston,Tom,,
2780,Downey,Robert,,Jr.
2781,Evans,Chris,,
2782,Ruffalo,Mark,,
2783,Renner,Jeremy,,
2784,Hemsworth,Chris,,
2785,Johansson,Scarlett,,
2786,Hiddleston,Tom,,
2787,Downey,Robert,,Jr.
2788,Evans,Chris,,
2789,Ruffalo,Mark,,
2790,Renner,Jeremy,,
2791,Hemsworth,Chris,,
2792,Johansson,Scarlett,,
2793,Hiddleston,Tom,,
2794,Downey,Robert,,Jr.
2795,Evans,Chris,,
2796,Ruffalo,Mark,,
2797,Renner,Jeremy,,
2798,Hemsworth,Chris,,
2799,Johansson,Scarlett,,
2800,Hiddleston,Tom,,
2801,Downey,Robert,,Jr.
2802,Evans,Chris,,
2803,Ruffalo,Mark,,
2804,Renner,Jeremy,,
2805,Hemsworth,Chris,,
2806,Johansson,Scarlett,,
2807,Hiddleston,Tom,,
2808,Downey,Robert,,Jr.
2809,Evans,Chris,,
2810,Ruffalo,Mark,,
2811,Renner,Jeremy,,
2812,Hemsworth,Chris,,
2813,Johansson,Scarlett,,
2814,Hiddleston,Tom,,
2815,Downey,Robert,,Jr.
2816,Evans,Chris,,
2817,Ruffalo,Mark,,
2818,Renner,Jeremy,,
2819,Hemsworth,Chris,,
2820,Johansson,Scarlett,,
2821,Hiddleston,Tom,,
2822,Downey,Robert,,Jr.
2823,Evans,Chris,,
2824,Ruffalo,Mark,,
2825,Renner,Jeremy,,
2826,Hemsworth,Chris,,
2827,Johansson,Scarlett,,
2828,Hiddleston,Tom,,
2829,Downey,Robert,,Jr.
2830,Evans,Chris,,
2831,Ruffalo,Mark,,
2832,Renner,Jeremy,,
2833,Hemsworth,Chris,,
2834,Johansson,Scarlett,,
2835,Hiddleston,Tom,,
2836,Downey,Robert,,Jr.
2837,Evans,Chris,,
2838,Ruffalo,Mark,,
2839,Renner,Jeremy,,
2840,Hemsworth,Chris,,
2841,Johansson,Scarlett,,
2842,Hiddleston,Tom,,
2843,Downey,Robert,,Jr.
2844,Evans,Chris,,
2845,Ruffalo,Mark,,
2846,Renner,Jeremy,,
2847,Hemsworth,Chris,,
2848,Johansson,Scarlett,,
2849,Hiddleston,Tom,,
2850,Downey,Robert,,Jr.
2851,Evans,Chris,,
2852,Ruffalo,Mark,,
2853,Renner,Jeremy,,
2854,Hemsworth,Chris,,
2855,Johansson,Scarlett,,
2856,Hiddleston,Tom,,
2857,Downey,Robert,,Jr.
2858,Evans,Chris,,
2859,Ruffalo,Mark,,
2860,Renner,Jeremy,,
2861,Hemsworth,Chris,,
2862,Johansson,Scarlett,,
2863,Hiddleston,Tom,,
2864,Downey,Robert,,Jr.
2865,Evans,Chris,,
2866,Ruffalo,Mark,,
2867,Renner,Jeremy,,
2868,Hemsworth,Chris,,
2869,Johansson,Scarlett,,
2870,Hiddleston,Tom,,
2871,Downey,Robert,,Jr.
2872,Evans,Chris,,
2873,Ruffalo,Mark,,
2874,Renner,Jeremy,,
2875,Hemsworth,Chris,,
2876,Johansson,Scarlett,,
2877,Hiddleston,Tom,,
2878,Downey,Robert,,Jr.
2879,Evans,Chris,,
2880,Ruffalo,Mark,,
2881,Renner,Jeremy,,
2882,Hemsworth,Chris,,
2883,Johansson,Scarlett,,
2884,Hiddleston,Tom,,
2885,Downey,Robert,,Jr.
2886,Evans,Chris,,
2887,Ruffalo,Mark,,
2888,Renner,Jeremy,,
2889,Hemsworth,Chris,,
2890,Johansson,Scarlett,,
2891,Hiddleston,Tom,,
2892,Downey,Robert,,Jr.
2893,Evans,Chris,,
2894,Ruffalo,Mark,,
2895,Renner,Jeremy,,
2896,Hemsworth,Chris,,
2897,Johansson,Scarlett,,
2898,Hiddleston,Tom,,
2899,Downey,Robert,,Jr.
2900,Evans,Chris,,
2901,Ruffalo,Mark,,
2902,Renner,Jeremy,,
2903,Hemsworth,Chris,,
2904,Johansson,Scarlett,,
2905,Hiddleston,Tom,,
2906,Downey,Robert,,Jr.
2907,Evans,Chris,,
2908,Ruffalo,Mark,,
2909,Renner,Jeremy,,
2910,Hemsworth,Chris,,
2911,Johansson,Scarlett,,
2912,Hiddleston,Tom,,
2913,Downey,Robert,,Jr.
2914,Evans,Chris,,
2915,Ruffalo,Mark,,
2916,Renner,Jeremy,,
2917,Hemsworth,Chris,,
2918,Johansson,Scarlett,,
2919,Hiddleston,Tom,,
2920,Downey,Robert,,Jr.
2921,Evans,Chris,,
2922,Ruffalo,Mark,,
2923,Renner,Jeremy,,
2924,Hemsworth,Chris,,
2925,Johansson,Scarlett,,
2926,Hiddleston,Tom,,
2927,Downey,Robert,,Jr.
2928,Evans,Chris,,
2929,Ruffalo,Mark,,
2930,Renner,Jeremy,,
2931,Hemsworth,Chris,,
2932,Johansson,Scarlett,,
2933,Hiddleston,Tom,,
2934,Downey,Robert,,Jr.
2935,Evans,Chris,,
2936,Ruffalo,Mark,,
2937,Renner,Jeremy,,
2938,Hemsworth,Chris,,
2939,Johansson,Scarlett,,
2940,Hiddleston,Tom,,
2941,Downey,Robert,,Jr.
2942,Evans,Chris,,
2943,Ruffalo,Mark,,
2944,Renner,Jeremy,,
2945,Hemsworth,Chris,,
2946,Johansson,Scarlett,,
2947,Hiddleston,Tom,,
2948,Downey,Robert,,Jr.
2949,Evans,Chris,,
2950,Ruffalo,Mark,,
2951,Renner,Jeremy,,
2952,Hemsworth,Chris,,
2953,Johansson,Scarlett,,
2954,Hiddleston,Tom,,
2955,Downey,Robert,,Jr.
2956,Evans,Chris,,
2957,Ruffalo,Mark,,
2958,Renner,Jeremy,,
2959,Hemsworth,Chris,,
2960,Johansson,Scarlett,,
2961,Hiddleston,Tom,,
2962,Downey,Robert,,Jr.
2963,Evans,Chris,,
2964,Ruffalo,Mark,,
2965,Renner,Jeremy,,
2966,Hemsworth,Chris,,
2967,Johansson,Scarlett,,
2968,Hiddleston,Tom,,
2969,Downey,Robert,,Jr.
2970,Evans,Chris,,
2971,Ruffalo,Mark,,
2972,Renner,Jeremy,,
2973,Hemsworth,Chris,,
2974,Johansson,Scarlett,,
2975,Hiddleston,Tom,,
2976,Downey,Robert,,Jr.
2977,Evans,Chris,,
2978,Ruffalo,Mark,,
2979,Renner,Jeremy,,
2980,Hemsworth,Chris,,
2981,Johansson,Scarlett,,
2982,Hiddleston,Tom,,
2983,Downey,Robert,,Jr.
2984,Evans,Chris,,
2985,Ruffalo,Mark,,
2986,Renner,Jeremy,,
2987,Hemsworth,Chris,,
2988,Johansson,Scarlett,,
2989,Hiddleston,Tom,,
2990,Downey,Robert,,Jr.
2991,Evans,Chris,,
2992,Ruffalo,Mark,,
2993,Renner,Jeremy,,
2994,Hemsworth,Chris,,
2995,Johansson,Scarlett,,
2996,Hiddleston,Tom,,
2997,Downey,Robert,,Jr.
2998,Evans,Chris,,
2999,Ruffalo,Mark,,
3000,Renner,Jeremy,,
3001,Hemsworth,Chris,,
3002,Johansson,Scarlett,,
3003,Hiddleston,Tom,,
3004,Downey,Robert,,Jr.
3005,Evans,Chris,,
3006,Ruffalo,Mark,,
3007,Renner,Jeremy,,
3008,Hemsworth,Chris,,
3009,Johansson,Scarlett,,
3010,Hiddleston,Tom,,
3011,Downey,Robert,,Jr.
3012,Evans,Chris,,
3013,Ruffalo,Mark,,
3014,Renner,Jeremy,,
3015,Hemsworth,Chris,,
3016,Johansson,Scarlett,,
3017,Hiddleston,Tom,,
3018,Downey,Robert,,Jr.
3019,Evans,Chris,,
3020,Ruffalo,Mark,,
3021,Renner,Jeremy,,
3022,Hemsworth,Chris,,
3023,Johansson,Scarlett,,
3024,Hiddleston,Tom,,
3025,Downey,Robert,,Jr.
3026,Evans,Chris,,
3027,Ruffalo,Mark,,
3028,Renner,Jeremy,,
3029,Hemsworth,Chris,,
3030,Johansson,Scarlett,,
3031,Hiddleston,Tom,,
3032,Downey,Robert,,Jr.
3033,Evans,Chris,,
3034,Ruffalo,Mark,,
3035,Renner,Jeremy,,
3036,Hemsworth,Chris,,
3037,Johansson,Scarlett,,
3038,Hiddleston,Tom,,
3039,Downey,Robert,,Jr.
3040,Evans,Chris,,
3041,Ruffalo,Mark,,
3042,Renner,Jeremy,,
3043,Hemsworth,Chris,,
3044,Johansson,Scarlett,,
3045,Hiddleston,Tom,,
3046,Downey,Robert,,Jr.
3047,Evans,Chris,,
3048,Ruffalo,Mark,,
3049,Renner,Jeremy,,
3050,Hemsworth,Chris,,
3051,Johansson,Scarlett,,
3052,Hiddleston,Tom,,
3053,Downey,Robert,,Jr.
3054,Evans,Chris,,
3055,Ruffalo,Mark,,
3056,Renner,Jeremy,,
3057,Hemsworth,Chris,,
3058,Johansson,Scarlett,,
3059,Hiddleston,Tom,,
3060,Downey,Robert,,Jr.
3061,Evans,Chris,,
3062,Ruffalo,Mark,,
3063,Renner,Jeremy,,
3064,Hemsworth,Chris,,
3065,Johansson,Scarlett,,
3066,Hiddleston,Tom,,
3067,Downey,Robert,,Jr.
3068,Evans,Chris,,
3069,Ruffalo,Mark,,
3070,Renner,Jeremy,,
3071,Hemsworth,Chris,,
3072,Johansson,Scarlett,,
3073,Hiddleston,Tom,,
3074,Downey,Robert,,Jr.
3075,Evans,Chris,,
3076,Ruffalo,Mark,,
3077,Renner,Jeremy,,
3078,Hemsworth,Chris,,
3079,Johansson,Scarlett,,
3080,Hiddleston,Tom,,
3081,Downey,Robert,,Jr.
3082,Evans,Chris,,
3083,Ruffalo,Mark,,
3084,Renner,Jeremy,,
3085,Hemsworth,Chris,,
3086,Johansson,Scarlett,,
3087,Hiddleston,Tom,,
3088,Downey,Robert,,Jr.
3089,Evans,Chris,,
3090,Ruffalo,Mark,,
3091,Renner,Jeremy,,
3092,Hemsworth,Chris,,
3093,Johansson,Scarlett,,
3094,Hiddleston,Tom,,
3095,Downey,Robert,,Jr.
3096,Evans,Chris,,
3097,Ruffalo,Mark,,
3098,Renner,Jeremy,,
3099,Hemsworth,Chris,,
3100,Johansson,Scarlett,,
3101,Hiddleston,Tom,,
3102,Downey,Robert,,Jr.
3103,Evans,Chris,,
3104,Ruffalo,Mark,,
3105,Renner,Jeremy,,
3106,Hemsworth,Chris,,
3107,Johansson,Scarlett,,
3108,Hiddleston,Tom,,
3109,Downey,Robert,,Jr.
3110,Evans,Chris,,
3111,Ruffalo,Mark,,
3112,Renner,Jeremy,,
3113,Hemsworth,Chris,,
3114,Johansson,Scarlett,,
3115,Hiddleston,Tom,,
3116,Downey,Robert,,Jr.
3117,Evans,Chris,,
3118,Ruffalo,Mark,,
3119,Renner,Jeremy,,
3120,Hemsworth,Chris,,
3121,Johansson,Scarlett,,
3122,Hiddleston,Tom,,
3123,Downey,Robert,,Jr.
3124,Evans,Chris,,
3125,Ruffalo,Mark,,
3126,Renner,Jeremy,,
3127,Hemsworth,Chris,,
3128,Johansson,Scarlett,,
3129,Hiddleston,Tom,,
3130,Downey,Robert,,Jr.
3131,Evans,Chris,,
3132,Ruffalo,Mark,,
3133,Renner,Jeremy,,
3134,Hemsworth,Chris,,
3135,Johansson,Scarlett,,
3136,Hiddleston,Tom,,
3137,Downey,Robert,,Jr.
3138,Evans,Chris,,
3139,Ruffalo,Mark,,
3140,Renner,Jeremy,,
3141,Hemsworth,Chris,,
3142,Johansson,Scarlett,,
3143,Hiddleston,Tom,,
3144,Downey,Robert,,Jr.
3145,Evans,Chris,,
3146,Ruffalo,Mark,,
3147,Renner,Jeremy,,
3148,Hemsworth,Chris,,
3149,Johansson,Scarlett,,
3150,Hiddleston,Tom,,
